chain,model,seed,AUC,sec
l2,Logistic Reg.,44,0.7467096354871906,43.7
l2,Logistic Reg.,43,0.7556599685858203,47.6
l2,Logistic Reg.,42,0.765273790824893,47.7
raw,Logistic Reg.,43,0.7520446298001408,50.5
raw,Logistic Reg.,44,0.7385581974760331,51.0
raw,Logistic Reg.,42,0.7364729458917836,51.1
l2,1D-CNN,43,0.6475654010724151,49.7
l2_snv,Logistic Reg.,42,0.7738449872718408,2.9
l2,1D-CNN,42,0.6889996208633482,58.5
l2_snv,Logistic Reg.,43,0.7812787737637437,2.7
l2_snv,Logistic Reg.,44,0.7702296484861615,2.7
l2,1D-CNN,44,0.6249796891079455,61.2
raw,1D-CNN,42,0.637829713481016,114.5
raw,1D-CNN,44,0.646387369333261,128.7
raw,Pure Transformer,42,0.5928343172832151,128.8
l2_snv,1D-CNN,43,0.5607160266478903,25.0
l2_snv_sg,Logistic Reg.,42,0.7787331419595949,0.6
l2_snv,1D-CNN,42,0.6625683800032498,28.0
l2_snv_sg,Logistic Reg.,43,0.7697421870768565,0.6
l2_snv_sg,Logistic Reg.,44,0.7675350701402806,0.7
raw,1D-CNN,43,0.6313708498077235,132.6
l2_snv,1D-CNN,44,0.6661160158154147,24.5
l2,Pure Transformer,42,0.6182635541352977,94.7
l2_snv_sg,1D-CNN,42,0.6911254942317067,15.7
l2_snv_sg,1D-CNN,43,0.63246763797866,15.5
l2_snv_sg,1D-CNN,44,0.6773817906082436,15.6
l2,Pure Transformer,44,0.6109787141851271,98.9
l2,Pure Transformer,43,0.6224611384932026,102.8
raw,Pure Transformer,43,0.6604018848507827,161.1
l2_snv,Pure Transformer,43,0.5627064940692195,48.4
raw,Pure Transformer,44,0.6471321020419216,184.3
l2_snv_sg,Pure Transformer,42,0.6220549206521151,51.7
l2_snv,Pure Transformer,42,0.610626658722851,75.4
l2_snv_sg,Pure Transformer,44,0.5797541028001949,44.1
l2_snv_sg,Pure Transformer,43,0.5924822618209391,47.2
l2_snv,Pure Transformer,44,0.5937550777230136,65.0
