model,photo,y,p
Logistic Reg.,OS8_2022_03_22_10_35_21,1,4.2415897201238005e-56
Logistic Reg.,OS8_2022_03_22_11_47_41,1,1.250319544756161e-50
Logistic Reg.,OS8_2022_03_22_12_44_43,0,3.253302646040812e-56
Logistic Reg.,OS8_2022_03_23_10_20_57,1,8.874688722692381e-59
Logistic Reg.,OS8_2022_03_23_12_52_37,1,7.469177816804962e-57
Logistic Reg.,OS8_2022_03_23_12_53_44,1,3.636510057947953e-58
Logistic Reg.,OS8_2022_03_24_10_42_23,1,1.640154935871472e-51
Logistic Reg.,OS8_2022_03_24_11_10_59,1,1.4581799761792408e-57
Logistic Reg.,OS8_2022_03_24_11_19_03,1,1.4989606793352336e-57
Logistic Reg.,OS8_2022_03_24_11_22_07,1,2.4394935788572606e-57
Logistic Reg.,OS8_2022_03_24_11_55_58,1,7.104351594484195e-54
Logistic Reg.,OS8_2022_03_24_12_02_12,1,6.828984674216134e-57
Logistic Reg.,OS8_2022_03_24_12_04_30,1,4.485644211451777e-61
Logistic Reg.,OS8_2022_03_25_09_35_37,1,2.78270793181161e-73
Logistic Reg.,OS8_2022_03_29_11_25_06,1,2.4614230446249828e-58
Logistic Reg.,OS8_2022_03_30_10_22_06,1,6.2794794337557595e-53
Logistic Reg.,OS8_2022_03_30_10_48_03,0,1.635070291868403e-50
Logistic Reg.,OS8_2022_03_30_11_40_46,1,1.3346737647377117e-54
Logistic Reg.,OS8_2022_03_30_12_52_19,1,7.534512006705263e-54
Logistic Reg.,OS8_2022_03_30_13_01_21,1,1.5269629157037111e-54
Logistic Reg.,OS8_2022_03_30_13_03_21,1,1.672246988484654e-55
Logistic Reg.,OS8_2022_03_31_13_53_49,1,1.422806001914596e-57
Logistic Reg.,OS8_2022_04_04_11_33_59,1,2.962541850037445e-50
Logistic Reg.,OS8_2022_04_04_11_36_53,1,5.4115142236046e-54
Logistic Reg.,OS8_2022_04_04_12_01_52,1,1.173110130615489e-55
Logistic Reg.,OS8_2022_04_04_12_04_44,1,3.865384757316868e-52
Logistic Reg.,OS8_2022_04_05_10_08_10,1,6.040063834794423e-55
Logistic Reg.,OS8_2022_04_05_11_43_25,1,1.4470255258187845e-49
Logistic Reg.,OS8_2022_04_05_12_30_40,0,5.191536156770591e-55
Logistic Reg.,OS8_2022_04_05_12_51_27,1,6.438821652884675e-53
Logistic Reg.,OS8_2022_04_06_12_43_08,1,3.277425667934787e-50
Logistic Reg.,OS8_2022_04_19_13_10_10,0,5.856730619617548e-56
Logistic Reg.,OS8_2022_04_20_10_13_54,1,1.2596655656282538e-62
Logistic Reg.,OS8_2022_04_20_11_53_24,0,1.5940117978536742e-57
Logistic Reg.,OS8_2022_04_20_13_13_18,0,1.092760839606904e-50
Logistic Reg.,OS8_2022_04_25_09_55_48,1,2.592755705212474e-68
Logistic Reg.,OS8_2022_04_25_10_08_53,1,7.356209324046298e-61
Logistic Reg.,OS8_2022_04_27_11_13_51,1,1.2720077808623992e-58
Logistic Reg.,OS8_2022_04_27_12_32_32,1,1.3042635107598966e-65
Logistic Reg.,OS8_2022_04_27_12_58_02,0,8.018470056490543e-64
Logistic Reg.,OS8_2022_05_05_11_27_55,1,6.540608887141443e-55
Logistic Reg.,OS8_2022_05_05_11_48_33,1,1.261469817569149e-54
Logistic Reg.,OS8_2022_05_05_13_10_03,1,3.1954164099590193e-54
Logistic Reg.,OS8_2022_05_06_09_25_22,0,6.597390234345567e-70
Logistic Reg.,OS8_2022_05_06_11_42_24,1,3.986083606211776e-59
Logistic Reg.,OS8_2022_05_09_09_55_56,1,4.238416117588263e-68
Logistic Reg.,OS8_2022_05_09_10_38_21,0,5.989281424898036e-64
Logistic Reg.,OS8_2022_05_10_11_53_24,1,1.362006726006761e-54
Logistic Reg.,OS8_2022_05_10_12_54_00,1,1.9227830670403188e-54
Logistic Reg.,OS8_2022_05_10_14_06_48,1,6.2320671945262596e-55
Logistic Reg.,OS8_2022_05_11_10_20_54,1,5.6387688453778594e-73
Logistic Reg.,OS8_2022_05_11_11_00_18,1,1.1754935084326395e-57
Logistic Reg.,OS8_2022_05_12_12_51_41,1,1.0658397812557688e-55
Logistic Reg.,OS8_2022_05_12_12_52_34,1,5.3735877513445655e-61
Logistic Reg.,OS8_2022_05_13_11_37_23,0,1.4888870496892202e-54
Logistic Reg.,OS8_2022_05_13_12_01_47,1,1.458721659051467e-57
Logistic Reg.,OS8_2022_05_16_10_14_40,1,8.395813494296008e-60
Logistic Reg.,OS8_2022_05_16_10_18_20,0,1.1415457879824493e-60
Logistic Reg.,OS8_2022_05_16_10_36_01,1,1.2319972507136057e-59
Logistic Reg.,OS8_2022_05_16_11_05_54,1,3.4521429129003774e-55
Logistic Reg.,OS8_2022_05_16_11_07_37,1,2.8784157022263393e-59
Logistic Reg.,OS8_2022_05_16_11_11_44,1,1.2216978918390044e-63
Logistic Reg.,OS8_2022_05_16_11_52_57,0,1.933939031412657e-53
Logistic Reg.,OS8_2022_05_16_12_50_49,0,7.110448228128764e-49
Logistic Reg.,OS8_2022_05_17_09_29_42,1,9.5344082110623e-58
Logistic Reg.,OS8_2022_05_17_10_49_01,0,1.0609137279391259e-57
Logistic Reg.,OS8_2022_05_17_10_58_45,1,1.4751847353479821e-60
Logistic Reg.,OS8_2022_05_17_12_20_00,1,1.3644617310146568e-55
Logistic Reg.,OS8_2022_05_17_12_36_20,1,2.7242898657205275e-56
Logistic Reg.,OS8_2022_05_17_12_41_18,1,3.13984562934283e-59
Logistic Reg.,OS8_2022_05_18_11_44_45,1,8.341600761356816e-56
Logistic Reg.,OS8_2022_05_18_12_18_49,0,5.621188426466538e-56
Logistic Reg.,OS8_2022_05_18_13_49_32,1,3.2541297667348496e-60
Logistic Reg.,OS8_2022_05_20_09_28_59,1,1.9077927089159337e-67
Logistic Reg.,OS8_2022_05_23_11_07_15,1,1.1586273831475093e-57
Logistic Reg.,OS8_2022_05_24_09_57_00,1,4.874872868056145e-62
Logistic Reg.,OS8_2022_05_24_10_01_12,1,2.1878261121335788e-59
Logistic Reg.,OS8_2022_05_24_10_34_44,1,2.020529259800731e-62
Logistic Reg.,OS8_2022_05_24_10_36_28,1,6.535935350211476e-62
Logistic Reg.,OS8_2022_05_24_12_38_31,1,2.284713534352103e-59
Logistic Reg.,OS8_2022_05_24_14_40_52,1,4.826444266746527e-56
Logistic Reg.,OS8_2022_05_24_14_41_42,1,2.3199927525315724e-60
Logistic Reg.,OS8_2022_05_25_10_08_47,0,5.851480675011656e-61
Logistic Reg.,OS8_2022_05_25_11_09_10,1,1.740787665705554e-56
Logistic Reg.,OS8_2022_05_26_12_49_22,1,3.909918299273618e-52
Logistic Reg.,OS8_2022_05_31_12_28_01,1,8.914458710169651e-57
Logistic Reg.,OS8_2022_05_31_12_33_58,1,2.3263828926482746e-61
Logistic Reg.,OS8_2022_06_01_10_51_59,0,1.9162679453109673e-58
Logistic Reg.,OS8_2022_06_01_11_09_03,0,2.5194907459387735e-56
Logistic Reg.,OS8_2022_06_01_11_53_05,0,7.024318483475082e-59
Logistic Reg.,OS8_2022_06_02_10_25_56,0,1.1358742800181301e-68
Logistic Reg.,OS8_2022_06_02_10_59_18,0,9.238866925489143e-57
Logistic Reg.,OS8_2022_06_02_11_34_22,1,9.715422668195633e-62
Logistic Reg.,OS8_2022_06_02_11_47_31,0,1.5790906065260716e-61
Logistic Reg.,OS8_2022_06_03_10_25_29,0,5.751817821837838e-56
Logistic Reg.,OS8_2022_06_06_11_03_37,0,1.6643614135001733e-57
Logistic Reg.,OS8_2022_06_06_13_18_10,1,2.573048606779232e-56
Logistic Reg.,OS8_2022_06_07_11_32_36,0,6.18411581302049e-53
Logistic Reg.,OS8_2022_06_07_12_10_26,1,4.037509850035241e-57
Logistic Reg.,OS8_2022_06_08_11_52_40,1,1.715629686459108e-54
Logistic Reg.,OS8_2022_06_08_13_01_28,1,1.136855438376811e-51
Logistic Reg.,OS8_2022_06_08_13_26_44,1,4.1851304849637714e-55
Logistic Reg.,OS8_2022_06_09_12_01_16,1,6.674529314016485e-59
Logistic Reg.,OS8_2022_06_09_12_03_07,1,3.659099176331326e-60
Logistic Reg.,OS8_2022_06_09_12_04_02,1,8.88629559455305e-67
Logistic Reg.,OS8_2022_06_13_11_14_32,1,1.4339017358013584e-57
Logistic Reg.,OS8_2022_06_13_11_18_47,1,2.49839784792724e-57
Logistic Reg.,OS8_2022_06_13_13_20_31,1,1.0552827252091794e-57
Logistic Reg.,OS8_2022_06_13_13_24_20,1,1.2999481438627992e-60
Logistic Reg.,OS8_2022_06_14_09_43_24,1,3.538685638270444e-58
Logistic Reg.,OS8_2022_06_14_09_44_03,1,3.589488777203081e-64
Logistic Reg.,OS8_2022_06_14_11_41_24,1,8.977764959904684e-57
Logistic Reg.,OS8_2022_06_14_11_42_21,1,3.9051221872472775e-64
Logistic Reg.,OS8_2022_06_15_11_39_09,1,7.027209977208446e-57
Logistic Reg.,OS8_2022_06_16_12_31_28,0,7.025838780705157e-61
Logistic Reg.,OS8_2022_06_17_10_04_12,0,6.846268656024174e-61
Logistic Reg.,OS8_2022_06_17_13_01_55,0,1.4329522673787604e-55
Logistic Reg.,OS8_2022_06_17_14_03_42,1,4.5545702971143465e-57
Logistic Reg.,OS8_2022_06_20_10_56_21,1,1.2435944573763171e-67
Logistic Reg.,OS8_2022_06_21_11_39_03,1,4.0120303055328983e-53
Logistic Reg.,OS8_2022_06_21_11_40_20,1,3.5315195583032826e-64
Logistic Reg.,OS8_2022_06_22_12_36_17,1,1.2837104706660845e-76
Logistic Reg.,OS8_2022_06_22_12_39_26,1,6.97989203229037e-68
Logistic Reg.,OS8_2022_06_24_13_39_49,1,4.5309704558212604e-57
Logistic Reg.,OS8_2022_06_27_12_57_25,0,9.437688363758989e-52
Logistic Reg.,OS8_2022_06_28_10_37_32,1,2.7052796443885974e-67
Logistic Reg.,OS8_2022_06_28_13_15_54,1,1.2370032464329668e-52
Logistic Reg.,OS8_2022_06_30_11_50_13,1,3.1434827452344265e-61
Logistic Reg.,OS8_2022_06_30_12_14_11,0,1.4903546934410266e-62
Logistic Reg.,OS8_2022_06_30_13_01_36,0,3.679564733541208e-61
Logistic Reg.,OS8_2022_06_30_13_28_21,1,5.492913488819543e-61
Logistic Reg.,OS8_2022_07_06_10_14_11,1,4.7605264239095114e-58
Logistic Reg.,OS8_2022_07_07_09_43_56,0,1.0189928950774438e-74
Logistic Reg.,OS8_2022_07_07_10_07_59,0,9.42648087666168e-58
Logistic Reg.,OS8_2022_07_07_11_11_37,1,4.2389474335929723e-60
Logistic Reg.,OS8_2022_07_08_09_27_36,1,1.6440785879617934e-63
Logistic Reg.,OS8_2022_07_08_09_58_04,1,1.5806194093585937e-56
Logistic Reg.,OS8_2022_07_08_11_55_38,1,7.391351766787224e-58
Logistic Reg.,OS8_2022_07_13_10_25_08,1,1.5755406516940565e-57
Logistic Reg.,OS8_2022_07_13_10_46_42,1,1.6159932977272876e-74
Logistic Reg.,OS8_2022_07_15_12_17_23,0,9.186764680409205e-49
Logistic Reg.,OS8_2022_07_15_12_51_35,1,1.3002163728902521e-55
Logistic Reg.,OS8_2022_07_18_10_54_50,1,6.600853582328098e-57
Logistic Reg.,OS8_2022_07_18_11_04_12,1,7.873722331567242e-65
Logistic Reg.,OS8_2022_07_19_13_37_32,1,1.456645861218215e-57
Logistic Reg.,OS8_2022_07_20_10_06_49,0,1.0425082058593169e-63
Logistic Reg.,OS8_2022_07_20_10_31_07,0,1.0393212546347953e-55
Logistic Reg.,OS8_2022_07_20_13_10_03,1,8.635713938793496e-57
Logistic Reg.,OS8_2022_07_21_09_28_49,1,1.3960848659590837e-77
Logistic Reg.,OS8_2022_07_25_12_08_17,1,2.3541718268945623e-53
Logistic Reg.,OS8_2022_07_28_10_28_45,0,1.4435773797425587e-51
Logistic Reg.,OS8_2022_07_29_12_18_55,1,8.971394048906436e-56
PLS-DA+SVM,OS8_2022_03_22_10_35_21,1,0.6701245773770746
PLS-DA+SVM,OS8_2022_03_22_11_47_41,1,0.6701245773770746
PLS-DA+SVM,OS8_2022_03_22_12_44_43,0,0.6701245773770746
PLS-DA+SVM,OS8_2022_03_23_10_20_57,1,0.6701245773770746
PLS-DA+SVM,OS8_2022_03_23_12_52_37,1,0.6701245773770746
PLS-DA+SVM,OS8_2022_03_23_12_53_44,1,0.6701245773770746
PLS-DA+SVM,OS8_2022_03_24_10_42_23,1,0.6701245773770746
PLS-DA+SVM,OS8_2022_03_24_11_10_59,1,0.6701245773770746
PLS-DA+SVM,OS8_2022_03_24_11_19_03,1,0.6701245773770746
PLS-DA+SVM,OS8_2022_03_24_11_22_07,1,0.6701245773770746
PLS-DA+SVM,OS8_2022_03_24_11_55_58,1,0.6701245773770746
PLS-DA+SVM,OS8_2022_03_24_12_02_12,1,0.6701245773770746
PLS-DA+SVM,OS8_2022_03_24_12_04_30,1,0.6701245773770746
PLS-DA+SVM,OS8_2022_03_25_09_35_37,1,0.6701245773770746
PLS-DA+SVM,OS8_2022_03_29_11_25_06,1,0.6701245773770746
PLS-DA+SVM,OS8_2022_03_30_10_22_06,1,0.6701245773770746
PLS-DA+SVM,OS8_2022_03_30_10_48_03,0,0.6701245773770746
PLS-DA+SVM,OS8_2022_03_30_11_40_46,1,0.6701245773770746
PLS-DA+SVM,OS8_2022_03_30_12_52_19,1,0.6701245773770746
PLS-DA+SVM,OS8_2022_03_30_13_01_21,1,0.6701245773770746
PLS-DA+SVM,OS8_2022_03_30_13_03_21,1,0.6701245773770746
PLS-DA+SVM,OS8_2022_03_31_13_53_49,1,0.6701245773770746
PLS-DA+SVM,OS8_2022_04_04_11_33_59,1,0.6701245773770746
PLS-DA+SVM,OS8_2022_04_04_11_36_53,1,0.6701245773770746
PLS-DA+SVM,OS8_2022_04_04_12_01_52,1,0.6701245773770746
PLS-DA+SVM,OS8_2022_04_04_12_04_44,1,0.6701245773770746
PLS-DA+SVM,OS8_2022_04_05_10_08_10,1,0.6701245773770746
PLS-DA+SVM,OS8_2022_04_05_11_43_25,1,0.6701245773770746
PLS-DA+SVM,OS8_2022_04_05_12_30_40,0,0.6701245773770746
PLS-DA+SVM,OS8_2022_04_05_12_51_27,1,0.6701245773770746
PLS-DA+SVM,OS8_2022_04_06_12_43_08,1,0.6701245773770746
PLS-DA+SVM,OS8_2022_04_19_13_10_10,0,0.6701245773770746
PLS-DA+SVM,OS8_2022_04_20_10_13_54,1,0.6701245773770746
PLS-DA+SVM,OS8_2022_04_20_11_53_24,0,0.6701245773770746
PLS-DA+SVM,OS8_2022_04_20_13_13_18,0,0.6701245773770746
PLS-DA+SVM,OS8_2022_04_25_09_55_48,1,0.6701245773770746
PLS-DA+SVM,OS8_2022_04_25_10_08_53,1,0.6701245773770746
PLS-DA+SVM,OS8_2022_04_27_11_13_51,1,0.6701245773770746
PLS-DA+SVM,OS8_2022_04_27_12_32_32,1,0.6701245773770746
PLS-DA+SVM,OS8_2022_04_27_12_58_02,0,0.6701245773770746
PLS-DA+SVM,OS8_2022_05_05_11_27_55,1,0.6701245773770746
PLS-DA+SVM,OS8_2022_05_05_11_48_33,1,0.6701245773770746
PLS-DA+SVM,OS8_2022_05_05_13_10_03,1,0.6701245773770746
PLS-DA+SVM,OS8_2022_05_06_09_25_22,0,0.6701245773770746
PLS-DA+SVM,OS8_2022_05_06_11_42_24,1,0.6701245773770746
PLS-DA+SVM,OS8_2022_05_09_09_55_56,1,0.6701245773770746
PLS-DA+SVM,OS8_2022_05_09_10_38_21,0,0.6701245773770746
PLS-DA+SVM,OS8_2022_05_10_11_53_24,1,0.6701245773770746
PLS-DA+SVM,OS8_2022_05_10_12_54_00,1,0.6701245773770746
PLS-DA+SVM,OS8_2022_05_10_14_06_48,1,0.6701245773770746
PLS-DA+SVM,OS8_2022_05_11_10_20_54,1,0.6701245773770746
PLS-DA+SVM,OS8_2022_05_11_11_00_18,1,0.6701245773770746
PLS-DA+SVM,OS8_2022_05_12_12_51_41,1,0.6701245773770746
PLS-DA+SVM,OS8_2022_05_12_12_52_34,1,0.6701245773770746
PLS-DA+SVM,OS8_2022_05_13_11_37_23,0,0.6701245773770746
PLS-DA+SVM,OS8_2022_05_13_12_01_47,1,0.6701245773770746
PLS-DA+SVM,OS8_2022_05_16_10_14_40,1,0.6701245773770746
PLS-DA+SVM,OS8_2022_05_16_10_18_20,0,0.6701245773770746
PLS-DA+SVM,OS8_2022_05_16_10_36_01,1,0.6701245773770746
PLS-DA+SVM,OS8_2022_05_16_11_05_54,1,0.6701245773770746
PLS-DA+SVM,OS8_2022_05_16_11_07_37,1,0.6701245773770746
PLS-DA+SVM,OS8_2022_05_16_11_11_44,1,0.6701245773770746
PLS-DA+SVM,OS8_2022_05_16_11_52_57,0,0.6701245773770746
PLS-DA+SVM,OS8_2022_05_16_12_50_49,0,0.6701245773770746
PLS-DA+SVM,OS8_2022_05_17_09_29_42,1,0.6701245773770746
PLS-DA+SVM,OS8_2022_05_17_10_49_01,0,0.6701245773770746
PLS-DA+SVM,OS8_2022_05_17_10_58_45,1,0.6701245773770746
PLS-DA+SVM,OS8_2022_05_17_12_20_00,1,0.6701245773770746
PLS-DA+SVM,OS8_2022_05_17_12_36_20,1,0.6701245773770746
PLS-DA+SVM,OS8_2022_05_17_12_41_18,1,0.6701245773770746
PLS-DA+SVM,OS8_2022_05_18_11_44_45,1,0.6701245773770746
PLS-DA+SVM,OS8_2022_05_18_12_18_49,0,0.6701245773770746
PLS-DA+SVM,OS8_2022_05_18_13_49_32,1,0.6701245773770746
PLS-DA+SVM,OS8_2022_05_20_09_28_59,1,0.6701245773770746
PLS-DA+SVM,OS8_2022_05_23_11_07_15,1,0.6701245773770746
PLS-DA+SVM,OS8_2022_05_24_09_57_00,1,0.6701245773770746
PLS-DA+SVM,OS8_2022_05_24_10_01_12,1,0.6701245773770746
PLS-DA+SVM,OS8_2022_05_24_10_34_44,1,0.6701245773770746
PLS-DA+SVM,OS8_2022_05_24_10_36_28,1,0.6701245773770746
PLS-DA+SVM,OS8_2022_05_24_12_38_31,1,0.6701245773770746
PLS-DA+SVM,OS8_2022_05_24_14_40_52,1,0.6701245773770746
PLS-DA+SVM,OS8_2022_05_24_14_41_42,1,0.6701245773770746
PLS-DA+SVM,OS8_2022_05_25_10_08_47,0,0.6701245773770746
PLS-DA+SVM,OS8_2022_05_25_11_09_10,1,0.6701245773770746
PLS-DA+SVM,OS8_2022_05_26_12_49_22,1,0.6701245773770746
PLS-DA+SVM,OS8_2022_05_31_12_28_01,1,0.6701245773770746
PLS-DA+SVM,OS8_2022_05_31_12_33_58,1,0.6701245773770746
PLS-DA+SVM,OS8_2022_06_01_10_51_59,0,0.6701245773770746
PLS-DA+SVM,OS8_2022_06_01_11_09_03,0,0.6701245773770746
PLS-DA+SVM,OS8_2022_06_01_11_53_05,0,0.6701245773770746
PLS-DA+SVM,OS8_2022_06_02_10_25_56,0,0.6701245773770746
PLS-DA+SVM,OS8_2022_06_02_10_59_18,0,0.6701245773770746
PLS-DA+SVM,OS8_2022_06_02_11_34_22,1,0.6701245773770746
PLS-DA+SVM,OS8_2022_06_02_11_47_31,0,0.6701245773770746
PLS-DA+SVM,OS8_2022_06_03_10_25_29,0,0.6701245773770746
PLS-DA+SVM,OS8_2022_06_06_11_03_37,0,0.6701245773770746
PLS-DA+SVM,OS8_2022_06_06_13_18_10,1,0.6701245773770746
PLS-DA+SVM,OS8_2022_06_07_11_32_36,0,0.6701245773770746
PLS-DA+SVM,OS8_2022_06_07_12_10_26,1,0.6701245773770746
PLS-DA+SVM,OS8_2022_06_08_11_52_40,1,0.6701245773770746
PLS-DA+SVM,OS8_2022_06_08_13_01_28,1,0.6701245773770746
PLS-DA+SVM,OS8_2022_06_08_13_26_44,1,0.6701245773770746
PLS-DA+SVM,OS8_2022_06_09_12_01_16,1,0.6701245773770746
PLS-DA+SVM,OS8_2022_06_09_12_03_07,1,0.6701245773770746
PLS-DA+SVM,OS8_2022_06_09_12_04_02,1,0.6701245773770746
PLS-DA+SVM,OS8_2022_06_13_11_14_32,1,0.6701245773770746
PLS-DA+SVM,OS8_2022_06_13_11_18_47,1,0.6701245773770746
PLS-DA+SVM,OS8_2022_06_13_13_20_31,1,0.6701245773770746
PLS-DA+SVM,OS8_2022_06_13_13_24_20,1,0.6701245773770746
PLS-DA+SVM,OS8_2022_06_14_09_43_24,1,0.6701245773770746
PLS-DA+SVM,OS8_2022_06_14_09_44_03,1,0.6701245773770746
PLS-DA+SVM,OS8_2022_06_14_11_41_24,1,0.6701245773770746
PLS-DA+SVM,OS8_2022_06_14_11_42_21,1,0.6701245773770746
PLS-DA+SVM,OS8_2022_06_15_11_39_09,1,0.6701245773770746
PLS-DA+SVM,OS8_2022_06_16_12_31_28,0,0.6701245773770746
PLS-DA+SVM,OS8_2022_06_17_10_04_12,0,0.6701245773770746
PLS-DA+SVM,OS8_2022_06_17_13_01_55,0,0.6701245773770746
PLS-DA+SVM,OS8_2022_06_17_14_03_42,1,0.6701245773770746
PLS-DA+SVM,OS8_2022_06_20_10_56_21,1,0.6701245773770746
PLS-DA+SVM,OS8_2022_06_21_11_39_03,1,0.6701245773770746
PLS-DA+SVM,OS8_2022_06_21_11_40_20,1,0.6701245773770746
PLS-DA+SVM,OS8_2022_06_22_12_36_17,1,0.6701245773770746
PLS-DA+SVM,OS8_2022_06_22_12_39_26,1,0.6701245773770746
PLS-DA+SVM,OS8_2022_06_24_13_39_49,1,0.6701245773770746
PLS-DA+SVM,OS8_2022_06_27_12_57_25,0,0.6701245773770746
PLS-DA+SVM,OS8_2022_06_28_10_37_32,1,0.6701245773770746
PLS-DA+SVM,OS8_2022_06_28_13_15_54,1,0.6701245773770746
PLS-DA+SVM,OS8_2022_06_30_11_50_13,1,0.6701245773770746
PLS-DA+SVM,OS8_2022_06_30_12_14_11,0,0.6701245773770746
PLS-DA+SVM,OS8_2022_06_30_13_01_36,0,0.6701245773770746
PLS-DA+SVM,OS8_2022_06_30_13_28_21,1,0.6701245773770746
PLS-DA+SVM,OS8_2022_07_06_10_14_11,1,0.6701245773770746
PLS-DA+SVM,OS8_2022_07_07_09_43_56,0,0.6701245773770746
PLS-DA+SVM,OS8_2022_07_07_10_07_59,0,0.6701245773770746
PLS-DA+SVM,OS8_2022_07_07_11_11_37,1,0.6701245773770746
PLS-DA+SVM,OS8_2022_07_08_09_27_36,1,0.6701245773770746
PLS-DA+SVM,OS8_2022_07_08_09_58_04,1,0.6701245773770746
PLS-DA+SVM,OS8_2022_07_08_11_55_38,1,0.6701245773770746
PLS-DA+SVM,OS8_2022_07_13_10_25_08,1,0.6701245773770746
PLS-DA+SVM,OS8_2022_07_13_10_46_42,1,0.6701245773770746
PLS-DA+SVM,OS8_2022_07_15_12_17_23,0,0.6701245773770746
PLS-DA+SVM,OS8_2022_07_15_12_51_35,1,0.6701245773770746
PLS-DA+SVM,OS8_2022_07_18_10_54_50,1,0.6701245773770746
PLS-DA+SVM,OS8_2022_07_18_11_04_12,1,0.6701245773770746
PLS-DA+SVM,OS8_2022_07_19_13_37_32,1,0.6701245773770746
PLS-DA+SVM,OS8_2022_07_20_10_06_49,0,0.6701245773770746
PLS-DA+SVM,OS8_2022_07_20_10_31_07,0,0.6701245773770746
PLS-DA+SVM,OS8_2022_07_20_13_10_03,1,0.6701245773770746
PLS-DA+SVM,OS8_2022_07_21_09_28_49,1,0.6701245773770746
PLS-DA+SVM,OS8_2022_07_25_12_08_17,1,0.6701245773770746
PLS-DA+SVM,OS8_2022_07_28_10_28_45,0,0.6701245773770746
PLS-DA+SVM,OS8_2022_07_29_12_18_55,1,0.6701245773770746
PCA-LDA,OS8_2022_03_22_10_35_21,1,2.9160323216738382e-34
PCA-LDA,OS8_2022_03_22_11_47_41,1,1.2593615051661321e-27
PCA-LDA,OS8_2022_03_22_12_44_43,0,3.368390476733897e-30
PCA-LDA,OS8_2022_03_23_10_20_57,1,9.529299332092696e-44
PCA-LDA,OS8_2022_03_23_12_52_37,1,3.007179196234147e-35
PCA-LDA,OS8_2022_03_23_12_53_44,1,5.895435602881444e-37
PCA-LDA,OS8_2022_03_24_10_42_23,1,1.0044147227640245e-31
PCA-LDA,OS8_2022_03_24_11_10_59,1,1.7170828637258824e-39
PCA-LDA,OS8_2022_03_24_11_19_03,1,1.0219506964326624e-35
PCA-LDA,OS8_2022_03_24_11_22_07,1,2.1931213641315084e-42
PCA-LDA,OS8_2022_03_24_11_55_58,1,7.378090238280619e-34
PCA-LDA,OS8_2022_03_24_12_02_12,1,1.7791035212124662e-35
PCA-LDA,OS8_2022_03_24_12_04_30,1,4.630727194477104e-41
PCA-LDA,OS8_2022_03_25_09_35_37,1,8.688597785094819e-66
PCA-LDA,OS8_2022_03_29_11_25_06,1,1.5458934597310565e-37
PCA-LDA,OS8_2022_03_30_10_22_06,1,5.233309302442865e-32
PCA-LDA,OS8_2022_03_30_10_48_03,0,3.5289251110829673e-28
PCA-LDA,OS8_2022_03_30_11_40_46,1,8.678933021885794e-32
PCA-LDA,OS8_2022_03_30_12_52_19,1,6.405243029882485e-30
PCA-LDA,OS8_2022_03_30_13_01_21,1,2.2545748968188365e-30
PCA-LDA,OS8_2022_03_30_13_03_21,1,6.3471246565001176e-37
PCA-LDA,OS8_2022_03_31_13_53_49,1,4.1495058681568826e-37
PCA-LDA,OS8_2022_04_04_11_33_59,1,4.6072464422704814e-26
PCA-LDA,OS8_2022_04_04_11_36_53,1,1.0741645522035017e-31
PCA-LDA,OS8_2022_04_04_12_01_52,1,4.752984921703575e-33
PCA-LDA,OS8_2022_04_04_12_04_44,1,1.9536281072188732e-29
PCA-LDA,OS8_2022_04_05_10_08_10,1,3.329316850488964e-33
PCA-LDA,OS8_2022_04_05_11_43_25,1,2.619173340908426e-22
PCA-LDA,OS8_2022_04_05_12_30_40,0,2.4269294711062464e-28
PCA-LDA,OS8_2022_04_05_12_51_27,1,9.15229262398694e-30
PCA-LDA,OS8_2022_04_06_12_43_08,1,2.3921550166100014e-25
PCA-LDA,OS8_2022_04_19_13_10_10,0,3.5511500431689824e-29
PCA-LDA,OS8_2022_04_20_10_13_54,1,1.6606665776482388e-48
PCA-LDA,OS8_2022_04_20_11_53_24,0,3.9502750714824687e-32
PCA-LDA,OS8_2022_04_20_13_13_18,0,8.466830455725693e-29
PCA-LDA,OS8_2022_04_25_09_55_48,1,3.2782665121545e-54
PCA-LDA,OS8_2022_04_25_10_08_53,1,3.1246413535976084e-39
PCA-LDA,OS8_2022_04_27_11_13_51,1,4.0006064394091694e-36
PCA-LDA,OS8_2022_04_27_12_32_32,1,9.469031366202616e-49
PCA-LDA,OS8_2022_04_27_12_58_02,0,6.72487800363585e-41
PCA-LDA,OS8_2022_05_05_11_27_55,1,1.1973721413820326e-33
PCA-LDA,OS8_2022_05_05_11_48_33,1,2.7288669751735873e-31
PCA-LDA,OS8_2022_05_05_13_10_03,1,7.19192674931335e-29
PCA-LDA,OS8_2022_05_06_09_25_22,0,3.2810624724558655e-56
PCA-LDA,OS8_2022_05_06_11_42_24,1,7.764759383846681e-41
PCA-LDA,OS8_2022_05_09_09_55_56,1,3.795736844570334e-56
PCA-LDA,OS8_2022_05_09_10_38_21,0,3.5733788566727565e-45
PCA-LDA,OS8_2022_05_10_11_53_24,1,7.472529433352253e-32
PCA-LDA,OS8_2022_05_10_12_54_00,1,6.916568823807181e-32
PCA-LDA,OS8_2022_05_10_14_06_48,1,1.8373778053282492e-30
PCA-LDA,OS8_2022_05_11_10_20_54,1,1.6852496111093469e-68
PCA-LDA,OS8_2022_05_11_11_00_18,1,1.7241246703037528e-38
PCA-LDA,OS8_2022_05_12_12_51_41,1,7.572030620265689e-32
PCA-LDA,OS8_2022_05_12_12_52_34,1,2.0962191375047286e-44
PCA-LDA,OS8_2022_05_13_11_37_23,0,1.2391683756335194e-28
PCA-LDA,OS8_2022_05_13_12_01_47,1,5.093611734545191e-33
PCA-LDA,OS8_2022_05_16_10_14_40,1,2.237482394676146e-42
PCA-LDA,OS8_2022_05_16_10_18_20,0,1.8684723752726212e-44
PCA-LDA,OS8_2022_05_16_10_36_01,1,1.992518168991415e-41
PCA-LDA,OS8_2022_05_16_11_05_54,1,1.380063004731136e-32
PCA-LDA,OS8_2022_05_16_11_07_37,1,1.861479507540953e-40
PCA-LDA,OS8_2022_05_16_11_11_44,1,6.820089790387405e-49
PCA-LDA,OS8_2022_05_16_11_52_57,0,7.514868799845912e-32
PCA-LDA,OS8_2022_05_16_12_50_49,0,1.4676150294508105e-25
PCA-LDA,OS8_2022_05_17_09_29_42,1,6.944848879501802e-39
PCA-LDA,OS8_2022_05_17_10_49_01,0,1.890083703732688e-36
PCA-LDA,OS8_2022_05_17_10_58_45,1,7.239121556124618e-42
PCA-LDA,OS8_2022_05_17_12_20_00,1,4.766196462790814e-38
PCA-LDA,OS8_2022_05_17_12_36_20,1,1.0052218303376054e-38
PCA-LDA,OS8_2022_05_17_12_41_18,1,6.017450096260295e-38
PCA-LDA,OS8_2022_05_18_11_44_45,1,1.5412198674928204e-35
PCA-LDA,OS8_2022_05_18_12_18_49,0,1.9561297603131565e-31
PCA-LDA,OS8_2022_05_18_13_49_32,1,8.294824650582348e-38
PCA-LDA,OS8_2022_05_20_09_28_59,1,2.166358545262748e-50
PCA-LDA,OS8_2022_05_23_11_07_15,1,1.0983421594881616e-38
PCA-LDA,OS8_2022_05_24_09_57_00,1,1.9645960848917697e-44
PCA-LDA,OS8_2022_05_24_10_01_12,1,1.6443839682584983e-42
PCA-LDA,OS8_2022_05_24_10_34_44,1,7.262267570534847e-48
PCA-LDA,OS8_2022_05_24_10_36_28,1,1.1887651463960641e-45
PCA-LDA,OS8_2022_05_24_12_38_31,1,7.139871944011407e-36
PCA-LDA,OS8_2022_05_24_14_40_52,1,4.3317699543424524e-32
PCA-LDA,OS8_2022_05_24_14_41_42,1,2.7128233192007644e-40
PCA-LDA,OS8_2022_05_25_10_08_47,0,3.0506040546250396e-47
PCA-LDA,OS8_2022_05_25_11_09_10,1,2.630210489478261e-35
PCA-LDA,OS8_2022_05_26_12_49_22,1,2.781096416251827e-44
PCA-LDA,OS8_2022_05_31_12_28_01,1,3.429551163761479e-33
PCA-LDA,OS8_2022_05_31_12_33_58,1,2.6233756277611e-46
PCA-LDA,OS8_2022_06_01_10_51_59,0,1.3787830860680664e-39
PCA-LDA,OS8_2022_06_01_11_09_03,0,3.3457451248797925e-33
PCA-LDA,OS8_2022_06_01_11_53_05,0,1.2270731343132793e-41
PCA-LDA,OS8_2022_06_02_10_25_56,0,1.8607717410455996e-50
PCA-LDA,OS8_2022_06_02_10_59_18,0,3.296225372955539e-36
PCA-LDA,OS8_2022_06_02_11_34_22,1,7.892191368982468e-45
PCA-LDA,OS8_2022_06_02_11_47_31,0,3.8443210392149675e-45
PCA-LDA,OS8_2022_06_03_10_25_29,0,4.4301707970778e-31
PCA-LDA,OS8_2022_06_06_11_03_37,0,4.265358340971492e-36
PCA-LDA,OS8_2022_06_06_13_18_10,1,2.4242664355094356e-39
PCA-LDA,OS8_2022_06_07_11_32_36,0,5.64949322943961e-29
PCA-LDA,OS8_2022_06_07_12_10_26,1,5.637338055637932e-35
PCA-LDA,OS8_2022_06_08_11_52_40,1,7.64560953084638e-32
PCA-LDA,OS8_2022_06_08_13_01_28,1,3.2319717034040927e-28
PCA-LDA,OS8_2022_06_08_13_26_44,1,3.3821388744179294e-31
PCA-LDA,OS8_2022_06_09_12_01_16,1,3.284197476729875e-42
PCA-LDA,OS8_2022_06_09_12_03_07,1,1.2192372501946112e-41
PCA-LDA,OS8_2022_06_09_12_04_02,1,5.13200652685794e-52
PCA-LDA,OS8_2022_06_13_11_14_32,1,3.158642647886594e-37
PCA-LDA,OS8_2022_06_13_11_18_47,1,5.855207465337392e-37
PCA-LDA,OS8_2022_06_13_13_20_31,1,8.90573178360713e-36
PCA-LDA,OS8_2022_06_13_13_24_20,1,1.649351792099832e-39
PCA-LDA,OS8_2022_06_14_09_43_24,1,7.359675406352802e-38
PCA-LDA,OS8_2022_06_14_09_44_03,1,9.405775817552301e-47
PCA-LDA,OS8_2022_06_14_11_41_24,1,1.6395230944001862e-34
PCA-LDA,OS8_2022_06_14_11_42_21,1,3.667519350955991e-46
PCA-LDA,OS8_2022_06_15_11_39_09,1,1.2867280689552859e-33
PCA-LDA,OS8_2022_06_16_12_31_28,0,1.3819427746446557e-33
PCA-LDA,OS8_2022_06_17_10_04_12,0,4.1879372752521804e-41
PCA-LDA,OS8_2022_06_17_13_01_55,0,1.1142730024829736e-32
PCA-LDA,OS8_2022_06_17_14_03_42,1,8.821161233766216e-34
PCA-LDA,OS8_2022_06_20_10_56_21,1,2.3581133638318475e-53
PCA-LDA,OS8_2022_06_21_11_39_03,1,1.0275022278337583e-30
PCA-LDA,OS8_2022_06_21_11_40_20,1,1.4877554437221214e-44
PCA-LDA,OS8_2022_06_22_12_36_17,1,4.1792187125067483e-75
PCA-LDA,OS8_2022_06_22_12_39_26,1,1.5362476659453425e-54
PCA-LDA,OS8_2022_06_24_13_39_49,1,5.669210610400712e-33
PCA-LDA,OS8_2022_06_27_12_57_25,0,3.840728383362993e-29
PCA-LDA,OS8_2022_06_28_10_37_32,1,1.1490509687083302e-52
PCA-LDA,OS8_2022_06_28_13_15_54,1,2.26021228260152e-28
PCA-LDA,OS8_2022_06_30_11_50_13,1,1.7675008808090928e-41
PCA-LDA,OS8_2022_06_30_12_14_11,0,1.460535267829503e-48
PCA-LDA,OS8_2022_06_30_13_01_36,0,6.105339694427153e-41
PCA-LDA,OS8_2022_06_30_13_28_21,1,4.249353201552857e-40
PCA-LDA,OS8_2022_07_06_10_14_11,1,2.59551349087307e-36
PCA-LDA,OS8_2022_07_07_09_43_56,0,3.1690924012941665e-69
PCA-LDA,OS8_2022_07_07_10_07_59,0,2.3159625527426238e-37
PCA-LDA,OS8_2022_07_07_11_11_37,1,2.1125099367670045e-41
PCA-LDA,OS8_2022_07_08_09_27_36,1,2.9226506681084794e-47
PCA-LDA,OS8_2022_07_08_09_58_04,1,7.065961475066688e-35
PCA-LDA,OS8_2022_07_08_11_55_38,1,6.360161723019529e-38
PCA-LDA,OS8_2022_07_13_10_25_08,1,3.344594131823469e-34
PCA-LDA,OS8_2022_07_13_10_46_42,1,1.1781482498864994e-68
PCA-LDA,OS8_2022_07_15_12_17_23,0,9.889546251771231e-26
PCA-LDA,OS8_2022_07_15_12_51_35,1,3.968727238550994e-31
PCA-LDA,OS8_2022_07_18_10_54_50,1,3.903150696177653e-37
PCA-LDA,OS8_2022_07_18_11_04_12,1,7.317894112034356e-52
PCA-LDA,OS8_2022_07_19_13_37_32,1,2.5739425870805887e-33
PCA-LDA,OS8_2022_07_20_10_06_49,0,9.348667112473911e-48
PCA-LDA,OS8_2022_07_20_10_31_07,0,1.4563754996489977e-32
PCA-LDA,OS8_2022_07_20_13_10_03,1,5.080318557151813e-33
PCA-LDA,OS8_2022_07_21_09_28_49,1,1.95132771984824e-71
PCA-LDA,OS8_2022_07_25_12_08_17,1,1.7765315143785242e-31
PCA-LDA,OS8_2022_07_28_10_28_45,0,9.09830531251284e-32
PCA-LDA,OS8_2022_07_29_12_18_55,1,4.938120206817167e-32
Random Forest,OS8_2022_03_22_10_35_21,1,0.6223027506954572
Random Forest,OS8_2022_03_22_11_47_41,1,0.6243027506954572
Random Forest,OS8_2022_03_22_12_44_43,0,0.6223027506954572
Random Forest,OS8_2022_03_23_10_20_57,1,0.6227694173621237
Random Forest,OS8_2022_03_23_12_52_37,1,0.6223027506954572
Random Forest,OS8_2022_03_23_12_53_44,1,0.6223027506954572
Random Forest,OS8_2022_03_24_10_42_23,1,0.6221694173621238
Random Forest,OS8_2022_03_24_11_10_59,1,0.6221694173621238
Random Forest,OS8_2022_03_24_11_19_03,1,0.6213027506954572
Random Forest,OS8_2022_03_24_11_22_07,1,0.6223027506954572
Random Forest,OS8_2022_03_24_11_55_58,1,0.6223027506954572
Random Forest,OS8_2022_03_24_12_02_12,1,0.6221694173621238
Random Forest,OS8_2022_03_24_12_04_30,1,0.6223027506954572
Random Forest,OS8_2022_03_25_09_35_37,1,0.6191694173621238
Random Forest,OS8_2022_03_29_11_25_06,1,0.6221694173621238
Random Forest,OS8_2022_03_30_10_22_06,1,0.6243027506954572
Random Forest,OS8_2022_03_30_10_48_03,0,0.6221694173621238
Random Forest,OS8_2022_03_30_11_40_46,1,0.6223027506954572
Random Forest,OS8_2022_03_30_12_52_19,1,0.6223027506954572
Random Forest,OS8_2022_03_30_13_01_21,1,0.6243027506954572
Random Forest,OS8_2022_03_30_13_03_21,1,0.6223027506954572
Random Forest,OS8_2022_03_31_13_53_49,1,0.6223027506954572
Random Forest,OS8_2022_04_04_11_33_59,1,0.6223027506954572
Random Forest,OS8_2022_04_04_11_36_53,1,0.6223027506954572
Random Forest,OS8_2022_04_04_12_01_52,1,0.6223027506954572
Random Forest,OS8_2022_04_04_12_04_44,1,0.6223027506954572
Random Forest,OS8_2022_04_05_10_08_10,1,0.6221694173621238
Random Forest,OS8_2022_04_05_11_43_25,1,0.6204694173621239
Random Forest,OS8_2022_04_05_12_30_40,0,0.6223027506954572
Random Forest,OS8_2022_04_05_12_51_27,1,0.6221694173621238
Random Forest,OS8_2022_04_06_12_43_08,1,0.6223027506954572
Random Forest,OS8_2022_04_19_13_10_10,0,0.6223027506954572
Random Forest,OS8_2022_04_20_10_13_54,1,0.6227694173621237
Random Forest,OS8_2022_04_20_11_53_24,0,0.6213027506954572
Random Forest,OS8_2022_04_20_13_13_18,0,0.6221694173621238
Random Forest,OS8_2022_04_25_09_55_48,1,0.6221694173621238
Random Forest,OS8_2022_04_25_10_08_53,1,0.6218027506954571
Random Forest,OS8_2022_04_27_11_13_51,1,0.6223027506954572
Random Forest,OS8_2022_04_27_12_32_32,1,0.6221694173621238
Random Forest,OS8_2022_04_27_12_58_02,0,0.6222694173621237
Random Forest,OS8_2022_05_05_11_27_55,1,0.6223027506954572
Random Forest,OS8_2022_05_05_11_48_33,1,0.6223027506954572
Random Forest,OS8_2022_05_05_13_10_03,1,0.6243027506954572
Random Forest,OS8_2022_05_06_09_25_22,0,0.6221694173621238
Random Forest,OS8_2022_05_06_11_42_24,1,0.6221694173621238
Random Forest,OS8_2022_05_09_09_55_56,1,0.6221694173621238
Random Forest,OS8_2022_05_09_10_38_21,0,0.6221694173621238
Random Forest,OS8_2022_05_10_11_53_24,1,0.6221694173621238
Random Forest,OS8_2022_05_10_12_54_00,1,0.6221694173621238
Random Forest,OS8_2022_05_10_14_06_48,1,0.6243027506954572
Random Forest,OS8_2022_05_11_10_20_54,1,0.6260377233730527
Random Forest,OS8_2022_05_11_11_00_18,1,0.6211694173621238
Random Forest,OS8_2022_05_12_12_51_41,1,0.6221694173621238
Random Forest,OS8_2022_05_12_12_52_34,1,0.6218027506954571
Random Forest,OS8_2022_05_13_11_37_23,0,0.6221694173621238
Random Forest,OS8_2022_05_13_12_01_47,1,0.6223027506954572
Random Forest,OS8_2022_05_16_10_14_40,1,0.6223027506954572
Random Forest,OS8_2022_05_16_10_18_20,0,0.6221694173621238
Random Forest,OS8_2022_05_16_10_36_01,1,0.6223027506954572
Random Forest,OS8_2022_05_16_11_05_54,1,0.621502750695457
Random Forest,OS8_2022_05_16_11_07_37,1,0.6223027506954572
Random Forest,OS8_2022_05_16_11_11_44,1,0.6227043900397194
Random Forest,OS8_2022_05_16_11_52_57,0,0.6217043900397194
Random Forest,OS8_2022_05_16_12_50_49,0,0.6227694173621237
Random Forest,OS8_2022_05_17_09_29_42,1,0.6223027506954572
Random Forest,OS8_2022_05_17_10_49_01,0,0.6221694173621238
Random Forest,OS8_2022_05_17_10_58_45,1,0.6223027506954572
Random Forest,OS8_2022_05_17_12_20_00,1,0.6223027506954572
Random Forest,OS8_2022_05_17_12_36_20,1,0.6221694173621238
Random Forest,OS8_2022_05_17_12_41_18,1,0.6221694173621238
Random Forest,OS8_2022_05_18_11_44_45,1,0.6204694173621239
Random Forest,OS8_2022_05_18_12_18_49,0,0.6223027506954572
Random Forest,OS8_2022_05_18_13_49_32,1,0.6221694173621238
Random Forest,OS8_2022_05_20_09_28_59,1,0.6223027506954572
Random Forest,OS8_2022_05_23_11_07_15,1,0.6221694173621238
Random Forest,OS8_2022_05_24_09_57_00,1,0.6221694173621238
Random Forest,OS8_2022_05_24_10_01_12,1,0.6218027506954571
Random Forest,OS8_2022_05_24_10_34_44,1,0.6221694173621238
Random Forest,OS8_2022_05_24_10_36_28,1,0.6227694173621237
Random Forest,OS8_2022_05_24_12_38_31,1,0.6221694173621238
Random Forest,OS8_2022_05_24_14_40_52,1,0.6221694173621238
Random Forest,OS8_2022_05_24_14_41_42,1,0.6224694173621238
Random Forest,OS8_2022_05_25_10_08_47,0,0.6221694173621238
Random Forest,OS8_2022_05_25_11_09_10,1,0.6223027506954572
Random Forest,OS8_2022_05_26_12_49_22,1,0.63469220647777
Random Forest,OS8_2022_05_31_12_28_01,1,0.6213027506954572
Random Forest,OS8_2022_05_31_12_33_58,1,0.6223027506954572
Random Forest,OS8_2022_06_01_10_51_59,0,0.6223027506954572
Random Forest,OS8_2022_06_01_11_09_03,0,0.6223027506954572
Random Forest,OS8_2022_06_01_11_53_05,0,0.6221694173621238
Random Forest,OS8_2022_06_02_10_25_56,0,0.6223027506954572
Random Forest,OS8_2022_06_02_10_59_18,0,0.6221694173621238
Random Forest,OS8_2022_06_02_11_34_22,1,0.6223027506954572
Random Forest,OS8_2022_06_02_11_47_31,0,0.6221694173621238
Random Forest,OS8_2022_06_03_10_25_29,0,0.6213027506954572
Random Forest,OS8_2022_06_06_11_03_37,0,0.6243027506954572
Random Forest,OS8_2022_06_06_13_18_10,1,0.6221694173621238
Random Forest,OS8_2022_06_07_11_32_36,0,0.6223027506954572
Random Forest,OS8_2022_06_07_12_10_26,1,0.6221694173621238
Random Forest,OS8_2022_06_08_11_52_40,1,0.6223027506954572
Random Forest,OS8_2022_06_08_13_01_28,1,0.6243027506954572
Random Forest,OS8_2022_06_08_13_26_44,1,0.6223027506954572
Random Forest,OS8_2022_06_09_12_01_16,1,0.6218027506954571
Random Forest,OS8_2022_06_09_12_03_07,1,0.6213027506954572
Random Forest,OS8_2022_06_09_12_04_02,1,0.6213027506954572
Random Forest,OS8_2022_06_13_11_14_32,1,0.6221694173621238
Random Forest,OS8_2022_06_13_11_18_47,1,0.6221694173621238
Random Forest,OS8_2022_06_13_13_20_31,1,0.6222694173621237
Random Forest,OS8_2022_06_13_13_24_20,1,0.6221694173621238
Random Forest,OS8_2022_06_14_09_43_24,1,0.6223027506954572
Random Forest,OS8_2022_06_14_09_44_03,1,0.6223027506954572
Random Forest,OS8_2022_06_14_11_41_24,1,0.6243027506954572
Random Forest,OS8_2022_06_14_11_42_21,1,0.6223027506954572
Random Forest,OS8_2022_06_15_11_39_09,1,0.6223027506954572
Random Forest,OS8_2022_06_16_12_31_28,0,0.6223027506954572
Random Forest,OS8_2022_06_17_10_04_12,0,0.6223027506954572
Random Forest,OS8_2022_06_17_13_01_55,0,0.6223027506954572
Random Forest,OS8_2022_06_17_14_03_42,1,0.6223027506954572
Random Forest,OS8_2022_06_20_10_56_21,1,0.6221694173621238
Random Forest,OS8_2022_06_21_11_39_03,1,0.6223027506954572
Random Forest,OS8_2022_06_21_11_40_20,1,0.6221694173621238
Random Forest,OS8_2022_06_22_12_36_17,1,0.5951451307804603
Random Forest,OS8_2022_06_22_12_39_26,1,0.6221694173621238
Random Forest,OS8_2022_06_24_13_39_49,1,0.6223027506954572
Random Forest,OS8_2022_06_27_12_57_25,0,0.6222694173621237
Random Forest,OS8_2022_06_28_10_37_32,1,0.6221694173621238
Random Forest,OS8_2022_06_28_13_15_54,1,0.6223027506954572
Random Forest,OS8_2022_06_30_11_50_13,1,0.6227694173621237
Random Forest,OS8_2022_06_30_12_14_11,0,0.6221694173621238
Random Forest,OS8_2022_06_30_13_01_36,0,0.6223027506954572
Random Forest,OS8_2022_06_30_13_28_21,1,0.6223027506954572
Random Forest,OS8_2022_07_06_10_14_11,1,0.6223027506954572
Random Forest,OS8_2022_07_07_09_43_56,0,0.6217043900397194
Random Forest,OS8_2022_07_07_10_07_59,0,0.6221694173621238
Random Forest,OS8_2022_07_07_11_11_37,1,0.6221694173621238
Random Forest,OS8_2022_07_08_09_27_36,1,0.6221694173621238
Random Forest,OS8_2022_07_08_09_58_04,1,0.6223027506954572
Random Forest,OS8_2022_07_08_11_55_38,1,0.6221694173621238
Random Forest,OS8_2022_07_13_10_25_08,1,0.6223027506954572
Random Forest,OS8_2022_07_13_10_46_42,1,0.6257043900397194
Random Forest,OS8_2022_07_15_12_17_23,0,0.6221694173621238
Random Forest,OS8_2022_07_15_12_51_35,1,0.6243027506954572
Random Forest,OS8_2022_07_18_10_54_50,1,0.6221694173621238
Random Forest,OS8_2022_07_18_11_04_12,1,0.6221694173621238
Random Forest,OS8_2022_07_19_13_37_32,1,0.6221694173621238
Random Forest,OS8_2022_07_20_10_06_49,0,0.6221694173621238
Random Forest,OS8_2022_07_20_10_31_07,0,0.6223027506954572
Random Forest,OS8_2022_07_20_13_10_03,1,0.6221694173621238
Random Forest,OS8_2022_07_21_09_28_49,1,0.6207694173621237
Random Forest,OS8_2022_07_25_12_08_17,1,0.6223027506954572
Random Forest,OS8_2022_07_28_10_28_45,0,0.6221694173621238
Random Forest,OS8_2022_07_29_12_18_55,1,0.6223027506954572
1D-CNN,OS8_2022_03_22_10_35_21,1,0.9979785084724426
1D-CNN,OS8_2022_03_22_11_47_41,1,0.9981549382209778
1D-CNN,OS8_2022_03_22_12_44_43,0,0.9982092380523682
1D-CNN,OS8_2022_03_23_10_20_57,1,0.996861457824707
1D-CNN,OS8_2022_03_23_12_52_37,1,0.9979956150054932
1D-CNN,OS8_2022_03_23_12_53_44,1,0.9979531764984131
1D-CNN,OS8_2022_03_24_10_42_23,1,0.9978495836257935
1D-CNN,OS8_2022_03_24_11_10_59,1,0.9976544976234436
1D-CNN,OS8_2022_03_24_11_19_03,1,0.9977807402610779
1D-CNN,OS8_2022_03_24_11_22_07,1,0.9974572062492371
1D-CNN,OS8_2022_03_24_11_55_58,1,0.9982895255088806
1D-CNN,OS8_2022_03_24_12_02_12,1,0.997391939163208
1D-CNN,OS8_2022_03_24_12_04_30,1,0.9973871111869812
1D-CNN,OS8_2022_03_25_09_35_37,1,0.9960125684738159
1D-CNN,OS8_2022_03_29_11_25_06,1,0.9977805018424988
1D-CNN,OS8_2022_03_30_10_22_06,1,0.9980200529098511
1D-CNN,OS8_2022_03_30_10_48_03,0,0.9980471134185791
1D-CNN,OS8_2022_03_30_11_40_46,1,0.9979482293128967
1D-CNN,OS8_2022_03_30_12_52_19,1,0.9978261590003967
1D-CNN,OS8_2022_03_30_13_01_21,1,0.9982743263244629
1D-CNN,OS8_2022_03_30_13_03_21,1,0.9979614019393921
1D-CNN,OS8_2022_03_31_13_53_49,1,0.9978746175765991
1D-CNN,OS8_2022_04_04_11_33_59,1,0.9983232617378235
1D-CNN,OS8_2022_04_04_11_36_53,1,0.9980974793434143
1D-CNN,OS8_2022_04_04_12_01_52,1,0.997968852519989
1D-CNN,OS8_2022_04_04_12_04_44,1,0.9978073239326477
1D-CNN,OS8_2022_04_05_10_08_10,1,0.9973426461219788
1D-CNN,OS8_2022_04_05_11_43_25,1,0.9983975291252136
1D-CNN,OS8_2022_04_05_12_30_40,0,0.9983193278312683
1D-CNN,OS8_2022_04_05_12_51_27,1,0.9975332021713257
1D-CNN,OS8_2022_04_06_12_43_08,1,0.9981417655944824
1D-CNN,OS8_2022_04_19_13_10_10,0,0.9980692267417908
1D-CNN,OS8_2022_04_20_10_13_54,1,0.9968202114105225
1D-CNN,OS8_2022_04_20_11_53_24,0,0.9980043768882751
1D-CNN,OS8_2022_04_20_13_13_18,0,0.9979945421218872
1D-CNN,OS8_2022_04_25_09_55_48,1,0.9963733553886414
1D-CNN,OS8_2022_04_25_10_08_53,1,0.9978663325309753
1D-CNN,OS8_2022_04_27_11_13_51,1,0.9979154467582703
1D-CNN,OS8_2022_04_27_12_32_32,1,0.9973729848861694
1D-CNN,OS8_2022_04_27_12_58_02,0,0.9976468682289124
1D-CNN,OS8_2022_05_05_11_27_55,1,0.9981076717376709
1D-CNN,OS8_2022_05_05_11_48_33,1,0.9981110095977783
1D-CNN,OS8_2022_05_05_13_10_03,1,0.9982181191444397
1D-CNN,OS8_2022_05_06_09_25_22,0,0.9971582889556885
1D-CNN,OS8_2022_05_06_11_42_24,1,0.9971604347229004
1D-CNN,OS8_2022_05_09_09_55_56,1,0.9973689317703247
1D-CNN,OS8_2022_05_09_10_38_21,0,0.9974302649497986
1D-CNN,OS8_2022_05_10_11_53_24,1,0.998126208782196
1D-CNN,OS8_2022_05_10_12_54_00,1,0.9978829026222229
1D-CNN,OS8_2022_05_10_14_06_48,1,0.9980102181434631
1D-CNN,OS8_2022_05_11_10_20_54,1,0.9956259727478027
1D-CNN,OS8_2022_05_11_11_00_18,1,0.9974439144134521
1D-CNN,OS8_2022_05_12_12_51_41,1,0.9976909160614014
1D-CNN,OS8_2022_05_12_12_52_34,1,0.9972821474075317
1D-CNN,OS8_2022_05_13_11_37_23,0,0.9979261159896851
1D-CNN,OS8_2022_05_13_12_01_47,1,0.9979627132415771
1D-CNN,OS8_2022_05_16_10_14_40,1,0.9975693821907043
1D-CNN,OS8_2022_05_16_10_18_20,0,0.9977080821990967
1D-CNN,OS8_2022_05_16_10_36_01,1,0.9977178573608398
1D-CNN,OS8_2022_05_16_11_05_54,1,0.9977312684059143
1D-CNN,OS8_2022_05_16_11_07_37,1,0.997512698173523
1D-CNN,OS8_2022_05_16_11_11_44,1,0.9966096878051758
1D-CNN,OS8_2022_05_16_11_52_57,0,0.997654914855957
1D-CNN,OS8_2022_05_16_12_50_49,0,0.9978274703025818
1D-CNN,OS8_2022_05_17_09_29_42,1,0.9981856942176819
1D-CNN,OS8_2022_05_17_10_49_01,0,0.9980666041374207
1D-CNN,OS8_2022_05_17_10_58_45,1,0.9972419738769531
1D-CNN,OS8_2022_05_17_12_20_00,1,0.9978209733963013
1D-CNN,OS8_2022_05_17_12_36_20,1,0.9979002475738525
1D-CNN,OS8_2022_05_17_12_41_18,1,0.9971213936805725
1D-CNN,OS8_2022_05_18_11_44_45,1,0.998380184173584
1D-CNN,OS8_2022_05_18_12_18_49,0,0.9980693459510803
1D-CNN,OS8_2022_05_18_13_49_32,1,0.9978548884391785
1D-CNN,OS8_2022_05_20_09_28_59,1,0.997426450252533
1D-CNN,OS8_2022_05_23_11_07_15,1,0.9975975155830383
1D-CNN,OS8_2022_05_24_09_57_00,1,0.9969221949577332
1D-CNN,OS8_2022_05_24_10_01_12,1,0.9969004392623901
1D-CNN,OS8_2022_05_24_10_34_44,1,0.9973650574684143
1D-CNN,OS8_2022_05_24_10_36_28,1,0.9974470138549805
1D-CNN,OS8_2022_05_24_12_38_31,1,0.9978380799293518
1D-CNN,OS8_2022_05_24_14_40_52,1,0.9975792765617371
1D-CNN,OS8_2022_05_24_14_41_42,1,0.9971925616264343
1D-CNN,OS8_2022_05_25_10_08_47,0,0.9969927072525024
1D-CNN,OS8_2022_05_25_11_09_10,1,0.9980270266532898
1D-CNN,OS8_2022_05_26_12_49_22,1,0.9974104762077332
1D-CNN,OS8_2022_05_31_12_28_01,1,0.9981038570404053
1D-CNN,OS8_2022_05_31_12_33_58,1,0.9979472756385803
1D-CNN,OS8_2022_06_01_10_51_59,0,0.9977350234985352
1D-CNN,OS8_2022_06_01_11_09_03,0,0.9980199337005615
1D-CNN,OS8_2022_06_01_11_53_05,0,0.9977548718452454
1D-CNN,OS8_2022_06_02_10_25_56,0,0.9974925518035889
1D-CNN,OS8_2022_06_02_10_59_18,0,0.9975771307945251
1D-CNN,OS8_2022_06_02_11_34_22,1,0.9979265928268433
1D-CNN,OS8_2022_06_02_11_47_31,0,0.9975060820579529
1D-CNN,OS8_2022_06_03_10_25_29,0,0.9981867671012878
1D-CNN,OS8_2022_06_06_11_03_37,0,0.9978592991828918
1D-CNN,OS8_2022_06_06_13_18_10,1,0.9977012276649475
1D-CNN,OS8_2022_06_07_11_32_36,0,0.998129665851593
1D-CNN,OS8_2022_06_07_12_10_26,1,0.9977472424507141
1D-CNN,OS8_2022_06_08_11_52_40,1,0.9980270266532898
1D-CNN,OS8_2022_06_08_13_01_28,1,0.9985063672065735
1D-CNN,OS8_2022_06_08_13_26_44,1,0.9980441331863403
1D-CNN,OS8_2022_06_09_12_01_16,1,0.9980077147483826
1D-CNN,OS8_2022_06_09_12_03_07,1,0.9978838562965393
1D-CNN,OS8_2022_06_09_12_04_02,1,0.997765302658081
1D-CNN,OS8_2022_06_13_11_14_32,1,0.9980520009994507
1D-CNN,OS8_2022_06_13_11_18_47,1,0.9977765679359436
1D-CNN,OS8_2022_06_13_13_20_31,1,0.9975335597991943
1D-CNN,OS8_2022_06_13_13_24_20,1,0.9977918863296509
1D-CNN,OS8_2022_06_14_09_43_24,1,0.9980190992355347
1D-CNN,OS8_2022_06_14_09_44_03,1,0.9973241090774536
1D-CNN,OS8_2022_06_14_11_41_24,1,0.9981189370155334
1D-CNN,OS8_2022_06_14_11_42_21,1,0.9981486797332764
1D-CNN,OS8_2022_06_15_11_39_09,1,0.9981842637062073
1D-CNN,OS8_2022_06_16_12_31_28,0,0.9982214570045471
1D-CNN,OS8_2022_06_17_10_04_12,0,0.9972326159477234
1D-CNN,OS8_2022_06_17_13_01_55,0,0.9982079267501831
1D-CNN,OS8_2022_06_17_14_03_42,1,0.9978596568107605
1D-CNN,OS8_2022_06_20_10_56_21,1,0.996993899345398
1D-CNN,OS8_2022_06_21_11_39_03,1,0.9983345866203308
1D-CNN,OS8_2022_06_21_11_40_20,1,0.9976135492324829
1D-CNN,OS8_2022_06_22_12_36_17,1,0.9941698312759399
1D-CNN,OS8_2022_06_22_12_39_26,1,0.9968721270561218
1D-CNN,OS8_2022_06_24_13_39_49,1,0.9981632828712463
1D-CNN,OS8_2022_06_27_12_57_25,0,0.9976407289505005
1D-CNN,OS8_2022_06_28_10_37_32,1,0.9971534013748169
1D-CNN,OS8_2022_06_28_13_15_54,1,0.9983254075050354
1D-CNN,OS8_2022_06_30_11_50_13,1,0.997306227684021
1D-CNN,OS8_2022_06_30_12_14_11,0,0.9979277849197388
1D-CNN,OS8_2022_06_30_13_01_36,0,0.997651994228363
1D-CNN,OS8_2022_06_30_13_28_21,1,0.9974709749221802
1D-CNN,OS8_2022_07_06_10_14_11,1,0.9976553916931152
1D-CNN,OS8_2022_07_07_09_43_56,0,0.9958808422088623
1D-CNN,OS8_2022_07_07_10_07_59,0,0.9975952506065369
1D-CNN,OS8_2022_07_07_11_11_37,1,0.9972904920578003
1D-CNN,OS8_2022_07_08_09_27_36,1,0.9973799586296082
1D-CNN,OS8_2022_07_08_09_58_04,1,0.9979482293128967
1D-CNN,OS8_2022_07_08_11_55_38,1,0.9975674152374268
1D-CNN,OS8_2022_07_13_10_25_08,1,0.9981496334075928
1D-CNN,OS8_2022_07_13_10_46_42,1,0.9960432052612305
1D-CNN,OS8_2022_07_15_12_17_23,0,0.998068630695343
1D-CNN,OS8_2022_07_15_12_51_35,1,0.9980473518371582
1D-CNN,OS8_2022_07_18_10_54_50,1,0.9977631568908691
1D-CNN,OS8_2022_07_18_11_04_12,1,0.99722820520401
1D-CNN,OS8_2022_07_19_13_37_32,1,0.998119056224823
1D-CNN,OS8_2022_07_20_10_06_49,0,0.9971858859062195
1D-CNN,OS8_2022_07_20_10_31_07,0,0.9979537725448608
1D-CNN,OS8_2022_07_20_13_10_03,1,0.9979512095451355
1D-CNN,OS8_2022_07_21_09_28_49,1,0.9959993362426758
1D-CNN,OS8_2022_07_25_12_08_17,1,0.9980081915855408
1D-CNN,OS8_2022_07_28_10_28_45,0,0.9976200461387634
1D-CNN,OS8_2022_07_29_12_18_55,1,0.9981162548065186
Hybrid CNN-Tr.,OS8_2022_03_22_10_35_21,1,0.7943935394287109
Hybrid CNN-Tr.,OS8_2022_03_22_11_47_41,1,0.7958143949508667
Hybrid CNN-Tr.,OS8_2022_03_22_12_44_43,0,0.794927716255188
Hybrid CNN-Tr.,OS8_2022_03_23_10_20_57,1,0.7956661581993103
Hybrid CNN-Tr.,OS8_2022_03_23_12_52_37,1,0.7940115332603455
Hybrid CNN-Tr.,OS8_2022_03_23_12_53_44,1,0.7967870235443115
Hybrid CNN-Tr.,OS8_2022_03_24_10_42_23,1,0.7933135032653809
Hybrid CNN-Tr.,OS8_2022_03_24_11_10_59,1,0.7933054566383362
Hybrid CNN-Tr.,OS8_2022_03_24_11_19_03,1,0.7933494448661804
Hybrid CNN-Tr.,OS8_2022_03_24_11_22_07,1,0.7955328822135925
Hybrid CNN-Tr.,OS8_2022_03_24_11_55_58,1,0.7904002666473389
Hybrid CNN-Tr.,OS8_2022_03_24_12_02_12,1,0.7940679788589478
Hybrid CNN-Tr.,OS8_2022_03_24_12_04_30,1,0.7942606806755066
Hybrid CNN-Tr.,OS8_2022_03_25_09_35_37,1,0.7979306578636169
Hybrid CNN-Tr.,OS8_2022_03_29_11_25_06,1,0.7929523587226868
Hybrid CNN-Tr.,OS8_2022_03_30_10_22_06,1,0.7937547564506531
Hybrid CNN-Tr.,OS8_2022_03_30_10_48_03,0,0.7962387800216675
Hybrid CNN-Tr.,OS8_2022_03_30_11_40_46,1,0.7950659990310669
Hybrid CNN-Tr.,OS8_2022_03_30_12_52_19,1,0.7938976883888245
Hybrid CNN-Tr.,OS8_2022_03_30_13_01_21,1,0.7933550477027893
Hybrid CNN-Tr.,OS8_2022_03_30_13_03_21,1,0.7935423851013184
Hybrid CNN-Tr.,OS8_2022_03_31_13_53_49,1,0.7942245006561279
Hybrid CNN-Tr.,OS8_2022_04_04_11_33_59,1,0.7933262586593628
Hybrid CNN-Tr.,OS8_2022_04_04_11_36_53,1,0.7911725640296936
Hybrid CNN-Tr.,OS8_2022_04_04_12_01_52,1,0.7942590713500977
Hybrid CNN-Tr.,OS8_2022_04_04_12_04_44,1,0.7928667664527893
Hybrid CNN-Tr.,OS8_2022_04_05_10_08_10,1,0.7946635484695435
Hybrid CNN-Tr.,OS8_2022_04_05_11_43_25,1,0.7952024340629578
Hybrid CNN-Tr.,OS8_2022_04_05_12_30_40,0,0.7942048907279968
Hybrid CNN-Tr.,OS8_2022_04_05_12_51_27,1,0.795280396938324
Hybrid CNN-Tr.,OS8_2022_04_06_12_43_08,1,0.7951170206069946
Hybrid CNN-Tr.,OS8_2022_04_19_13_10_10,0,0.7954434752464294
Hybrid CNN-Tr.,OS8_2022_04_20_10_13_54,1,0.7954356670379639
Hybrid CNN-Tr.,OS8_2022_04_20_11_53_24,0,0.7949004769325256
Hybrid CNN-Tr.,OS8_2022_04_20_13_13_18,0,0.7960127592086792
Hybrid CNN-Tr.,OS8_2022_04_25_09_55_48,1,0.796720027923584
Hybrid CNN-Tr.,OS8_2022_04_25_10_08_53,1,0.7943190932273865
Hybrid CNN-Tr.,OS8_2022_04_27_11_13_51,1,0.7926489114761353
Hybrid CNN-Tr.,OS8_2022_04_27_12_32_32,1,0.7956069707870483
Hybrid CNN-Tr.,OS8_2022_04_27_12_58_02,0,0.7967976331710815
Hybrid CNN-Tr.,OS8_2022_05_05_11_27_55,1,0.793691098690033
Hybrid CNN-Tr.,OS8_2022_05_05_11_48_33,1,0.7952522039413452
Hybrid CNN-Tr.,OS8_2022_05_05_13_10_03,1,0.7940447330474854
Hybrid CNN-Tr.,OS8_2022_05_06_09_25_22,0,0.7976579666137695
Hybrid CNN-Tr.,OS8_2022_05_06_11_42_24,1,0.7950358986854553
Hybrid CNN-Tr.,OS8_2022_05_09_09_55_56,1,0.7952564358711243
Hybrid CNN-Tr.,OS8_2022_05_09_10_38_21,0,0.7929614782333374
Hybrid CNN-Tr.,OS8_2022_05_10_11_53_24,1,0.7929679155349731
Hybrid CNN-Tr.,OS8_2022_05_10_12_54_00,1,0.7938786149024963
Hybrid CNN-Tr.,OS8_2022_05_10_14_06_48,1,0.7948560118675232
Hybrid CNN-Tr.,OS8_2022_05_11_10_20_54,1,0.797111451625824
Hybrid CNN-Tr.,OS8_2022_05_11_11_00_18,1,0.7969586253166199
Hybrid CNN-Tr.,OS8_2022_05_12_12_51_41,1,0.7953773736953735
Hybrid CNN-Tr.,OS8_2022_05_12_12_52_34,1,0.7933084964752197
Hybrid CNN-Tr.,OS8_2022_05_13_11_37_23,0,0.7940897941589355
Hybrid CNN-Tr.,OS8_2022_05_13_12_01_47,1,0.7948886752128601
Hybrid CNN-Tr.,OS8_2022_05_16_10_14_40,1,0.7933658957481384
Hybrid CNN-Tr.,OS8_2022_05_16_10_18_20,0,0.7934384942054749
Hybrid CNN-Tr.,OS8_2022_05_16_10_36_01,1,0.794562041759491
Hybrid CNN-Tr.,OS8_2022_05_16_11_05_54,1,0.7949503064155579
Hybrid CNN-Tr.,OS8_2022_05_16_11_07_37,1,0.792885422706604
Hybrid CNN-Tr.,OS8_2022_05_16_11_11_44,1,0.7912090420722961
Hybrid CNN-Tr.,OS8_2022_05_16_11_52_57,0,0.7942233681678772
Hybrid CNN-Tr.,OS8_2022_05_16_12_50_49,0,0.7929690480232239
Hybrid CNN-Tr.,OS8_2022_05_17_09_29_42,1,0.7928929924964905
Hybrid CNN-Tr.,OS8_2022_05_17_10_49_01,0,0.7932006120681763
Hybrid CNN-Tr.,OS8_2022_05_17_10_58_45,1,0.7925772070884705
Hybrid CNN-Tr.,OS8_2022_05_17_12_20_00,1,0.7929791212081909
Hybrid CNN-Tr.,OS8_2022_05_17_12_36_20,1,0.7942349910736084
Hybrid CNN-Tr.,OS8_2022_05_17_12_41_18,1,0.7932165861129761
Hybrid CNN-Tr.,OS8_2022_05_18_11_44_45,1,0.7959896922111511
Hybrid CNN-Tr.,OS8_2022_05_18_12_18_49,0,0.7913439273834229
Hybrid CNN-Tr.,OS8_2022_05_18_13_49_32,1,0.792198121547699
Hybrid CNN-Tr.,OS8_2022_05_20_09_28_59,1,0.7953184843063354
Hybrid CNN-Tr.,OS8_2022_05_23_11_07_15,1,0.7940822839736938
Hybrid CNN-Tr.,OS8_2022_05_24_09_57_00,1,0.7946938872337341
Hybrid CNN-Tr.,OS8_2022_05_24_10_01_12,1,0.7923513650894165
Hybrid CNN-Tr.,OS8_2022_05_24_10_34_44,1,0.7940181493759155
Hybrid CNN-Tr.,OS8_2022_05_24_10_36_28,1,0.7949717044830322
Hybrid CNN-Tr.,OS8_2022_05_24_12_38_31,1,0.7928204536437988
Hybrid CNN-Tr.,OS8_2022_05_24_14_40_52,1,0.7950018048286438
Hybrid CNN-Tr.,OS8_2022_05_24_14_41_42,1,0.7916114330291748
Hybrid CNN-Tr.,OS8_2022_05_25_10_08_47,0,0.7946341633796692
Hybrid CNN-Tr.,OS8_2022_05_25_11_09_10,1,0.7928892374038696
Hybrid CNN-Tr.,OS8_2022_05_26_12_49_22,1,0.7941235899925232
Hybrid CNN-Tr.,OS8_2022_05_31_12_28_01,1,0.7893447279930115
Hybrid CNN-Tr.,OS8_2022_05_31_12_33_58,1,0.7945207953453064
Hybrid CNN-Tr.,OS8_2022_06_01_10_51_59,0,0.7941845655441284
Hybrid CNN-Tr.,OS8_2022_06_01_11_09_03,0,0.7943379878997803
Hybrid CNN-Tr.,OS8_2022_06_01_11_53_05,0,0.7939281463623047
Hybrid CNN-Tr.,OS8_2022_06_02_10_25_56,0,0.7935716509819031
Hybrid CNN-Tr.,OS8_2022_06_02_10_59_18,0,0.7958866357803345
Hybrid CNN-Tr.,OS8_2022_06_02_11_34_22,1,0.793000340461731
Hybrid CNN-Tr.,OS8_2022_06_02_11_47_31,0,0.7956652641296387
Hybrid CNN-Tr.,OS8_2022_06_03_10_25_29,0,0.7937201857566833
Hybrid CNN-Tr.,OS8_2022_06_06_11_03_37,0,0.7936487197875977
Hybrid CNN-Tr.,OS8_2022_06_06_13_18_10,1,0.7939412593841553
Hybrid CNN-Tr.,OS8_2022_06_07_11_32_36,0,0.7957401871681213
Hybrid CNN-Tr.,OS8_2022_06_07_12_10_26,1,0.7939768433570862
Hybrid CNN-Tr.,OS8_2022_06_08_11_52_40,1,0.7951593995094299
Hybrid CNN-Tr.,OS8_2022_06_08_13_01_28,1,0.7950096726417542
Hybrid CNN-Tr.,OS8_2022_06_08_13_26_44,1,0.7946993112564087
Hybrid CNN-Tr.,OS8_2022_06_09_12_01_16,1,0.7935449481010437
Hybrid CNN-Tr.,OS8_2022_06_09_12_03_07,1,0.793951690196991
Hybrid CNN-Tr.,OS8_2022_06_09_12_04_02,1,0.7952373623847961
Hybrid CNN-Tr.,OS8_2022_06_13_11_14_32,1,0.7933024168014526
Hybrid CNN-Tr.,OS8_2022_06_13_11_18_47,1,0.7951291799545288
Hybrid CNN-Tr.,OS8_2022_06_13_13_20_31,1,0.7952677011489868
Hybrid CNN-Tr.,OS8_2022_06_13_13_24_20,1,0.7946871519088745
Hybrid CNN-Tr.,OS8_2022_06_14_09_43_24,1,0.793533205986023
Hybrid CNN-Tr.,OS8_2022_06_14_09_44_03,1,0.7955929636955261
Hybrid CNN-Tr.,OS8_2022_06_14_11_41_24,1,0.7931646704673767
Hybrid CNN-Tr.,OS8_2022_06_14_11_42_21,1,0.7924485802650452
Hybrid CNN-Tr.,OS8_2022_06_15_11_39_09,1,0.7943301796913147
Hybrid CNN-Tr.,OS8_2022_06_16_12_31_28,0,0.7926615476608276
Hybrid CNN-Tr.,OS8_2022_06_17_10_04_12,0,0.7945884466171265
Hybrid CNN-Tr.,OS8_2022_06_17_13_01_55,0,0.7934218645095825
Hybrid CNN-Tr.,OS8_2022_06_17_14_03_42,1,0.7949219942092896
Hybrid CNN-Tr.,OS8_2022_06_20_10_56_21,1,0.7960087656974792
Hybrid CNN-Tr.,OS8_2022_06_21_11_39_03,1,0.7909296154975891
Hybrid CNN-Tr.,OS8_2022_06_21_11_40_20,1,0.7952402234077454
Hybrid CNN-Tr.,OS8_2022_06_22_12_36_17,1,0.7964369654655457
Hybrid CNN-Tr.,OS8_2022_06_22_12_39_26,1,0.7964129447937012
Hybrid CNN-Tr.,OS8_2022_06_24_13_39_49,1,0.7938098907470703
Hybrid CNN-Tr.,OS8_2022_06_27_12_57_25,0,0.7961354851722717
Hybrid CNN-Tr.,OS8_2022_06_28_10_37_32,1,0.7965368628501892
Hybrid CNN-Tr.,OS8_2022_06_28_13_15_54,1,0.7919365763664246
Hybrid CNN-Tr.,OS8_2022_06_30_11_50_13,1,0.7936299443244934
Hybrid CNN-Tr.,OS8_2022_06_30_12_14_11,0,0.7968073487281799
Hybrid CNN-Tr.,OS8_2022_06_30_13_01_36,0,0.792923629283905
Hybrid CNN-Tr.,OS8_2022_06_30_13_28_21,1,0.7943200469017029
Hybrid CNN-Tr.,OS8_2022_07_06_10_14_11,1,0.794826865196228
Hybrid CNN-Tr.,OS8_2022_07_07_09_43_56,0,0.7989069223403931
Hybrid CNN-Tr.,OS8_2022_07_07_10_07_59,0,0.7956891655921936
Hybrid CNN-Tr.,OS8_2022_07_07_11_11_37,1,0.7939544320106506
Hybrid CNN-Tr.,OS8_2022_07_08_09_27_36,1,0.794944703578949
Hybrid CNN-Tr.,OS8_2022_07_08_09_58_04,1,0.7929835319519043
Hybrid CNN-Tr.,OS8_2022_07_08_11_55_38,1,0.795015811920166
Hybrid CNN-Tr.,OS8_2022_07_13_10_25_08,1,0.7941874861717224
Hybrid CNN-Tr.,OS8_2022_07_13_10_46_42,1,0.7959590554237366
Hybrid CNN-Tr.,OS8_2022_07_15_12_17_23,0,0.7956008315086365
Hybrid CNN-Tr.,OS8_2022_07_15_12_51_35,1,0.7944327592849731
Hybrid CNN-Tr.,OS8_2022_07_18_10_54_50,1,0.7926833033561707
Hybrid CNN-Tr.,OS8_2022_07_18_11_04_12,1,0.7950511574745178
Hybrid CNN-Tr.,OS8_2022_07_19_13_37_32,1,0.7945739030838013
Hybrid CNN-Tr.,OS8_2022_07_20_10_06_49,0,0.794502854347229
Hybrid CNN-Tr.,OS8_2022_07_20_10_31_07,0,0.7925856709480286
Hybrid CNN-Tr.,OS8_2022_07_20_13_10_03,1,0.7939507365226746
Hybrid CNN-Tr.,OS8_2022_07_21_09_28_49,1,0.7991862893104553
Hybrid CNN-Tr.,OS8_2022_07_25_12_08_17,1,0.7941882610321045
Hybrid CNN-Tr.,OS8_2022_07_28_10_28_45,0,0.7938613891601562
Hybrid CNN-Tr.,OS8_2022_07_29_12_18_55,1,0.7924408912658691
Pure Transformer,OS8_2022_03_22_10_35_21,1,0.5479652285575867
Pure Transformer,OS8_2022_03_22_11_47_41,1,0.5387316942214966
Pure Transformer,OS8_2022_03_22_12_44_43,0,0.5386286377906799
Pure Transformer,OS8_2022_03_23_10_20_57,1,0.47930705547332764
Pure Transformer,OS8_2022_03_23_12_52_37,1,0.5414455533027649
Pure Transformer,OS8_2022_03_23_12_53_44,1,0.4825337827205658
Pure Transformer,OS8_2022_03_24_10_42_23,1,0.5467223525047302
Pure Transformer,OS8_2022_03_24_11_10_59,1,0.4795275926589966
Pure Transformer,OS8_2022_03_24_11_19_03,1,0.534824788570404
Pure Transformer,OS8_2022_03_24_11_22_07,1,0.48118624091148376
Pure Transformer,OS8_2022_03_24_11_55_58,1,0.5450944900512695
Pure Transformer,OS8_2022_03_24_12_02_12,1,0.537882924079895
Pure Transformer,OS8_2022_03_24_12_04_30,1,0.482161283493042
Pure Transformer,OS8_2022_03_25_09_35_37,1,0.508497953414917
Pure Transformer,OS8_2022_03_29_11_25_06,1,0.49482008814811707
Pure Transformer,OS8_2022_03_30_10_22_06,1,0.5388548374176025
Pure Transformer,OS8_2022_03_30_10_48_03,0,0.5415304899215698
Pure Transformer,OS8_2022_03_30_11_40_46,1,0.539166271686554
Pure Transformer,OS8_2022_03_30_12_52_19,1,0.5366004109382629
Pure Transformer,OS8_2022_03_30_13_01_21,1,0.5411142706871033
Pure Transformer,OS8_2022_03_30_13_03_21,1,0.5368082523345947
Pure Transformer,OS8_2022_03_31_13_53_49,1,0.48971104621887207
Pure Transformer,OS8_2022_04_04_11_33_59,1,0.5466572642326355
Pure Transformer,OS8_2022_04_04_11_36_53,1,0.5385291576385498
Pure Transformer,OS8_2022_04_04_12_01_52,1,0.5421248078346252
Pure Transformer,OS8_2022_04_04_12_04_44,1,0.5432244539260864
Pure Transformer,OS8_2022_04_05_10_08_10,1,0.5403392314910889
Pure Transformer,OS8_2022_04_05_11_43_25,1,0.5367805361747742
Pure Transformer,OS8_2022_04_05_12_30_40,0,0.5440629720687866
Pure Transformer,OS8_2022_04_05_12_51_27,1,0.53565913438797
Pure Transformer,OS8_2022_04_06_12_43_08,1,0.5459164381027222
Pure Transformer,OS8_2022_04_19_13_10_10,0,0.5374305248260498
Pure Transformer,OS8_2022_04_20_10_13_54,1,0.4855400621891022
Pure Transformer,OS8_2022_04_20_11_53_24,0,0.5390560626983643
Pure Transformer,OS8_2022_04_20_13_13_18,0,0.537446916103363
Pure Transformer,OS8_2022_04_25_09_55_48,1,0.49236229062080383
Pure Transformer,OS8_2022_04_25_10_08_53,1,0.4733009338378906
Pure Transformer,OS8_2022_04_27_11_13_51,1,0.4807944595813751
Pure Transformer,OS8_2022_04_27_12_32_32,1,0.47941458225250244
Pure Transformer,OS8_2022_04_27_12_58_02,0,0.47004809975624084
Pure Transformer,OS8_2022_05_05_11_27_55,1,0.5388128161430359
Pure Transformer,OS8_2022_05_05_11_48_33,1,0.5410551428794861
Pure Transformer,OS8_2022_05_05_13_10_03,1,0.5380379557609558
Pure Transformer,OS8_2022_05_06_09_25_22,0,0.4945885241031647
Pure Transformer,OS8_2022_05_06_11_42_24,1,0.48338499665260315
Pure Transformer,OS8_2022_05_09_09_55_56,1,0.4882478415966034
Pure Transformer,OS8_2022_05_09_10_38_21,0,0.48341014981269836
Pure Transformer,OS8_2022_05_10_11_53_24,1,0.5409855246543884
Pure Transformer,OS8_2022_05_10_12_54_00,1,0.5338041186332703
Pure Transformer,OS8_2022_05_10_14_06_48,1,0.5421963930130005
Pure Transformer,OS8_2022_05_11_10_20_54,1,0.5185647010803223
Pure Transformer,OS8_2022_05_11_11_00_18,1,0.5141063332557678
Pure Transformer,OS8_2022_05_12_12_51_41,1,0.5400579571723938
Pure Transformer,OS8_2022_05_12_12_52_34,1,0.48188647627830505
Pure Transformer,OS8_2022_05_13_11_37_23,0,0.5399081707000732
Pure Transformer,OS8_2022_05_13_12_01_47,1,0.5393450856208801
Pure Transformer,OS8_2022_05_16_10_14_40,1,0.4786922335624695
Pure Transformer,OS8_2022_05_16_10_18_20,0,0.48555874824523926
Pure Transformer,OS8_2022_05_16_10_36_01,1,0.48068782687187195
Pure Transformer,OS8_2022_05_16_11_05_54,1,0.540854811668396
Pure Transformer,OS8_2022_05_16_11_07_37,1,0.48047152161598206
Pure Transformer,OS8_2022_05_16_11_11_44,1,0.48514801263809204
Pure Transformer,OS8_2022_05_16_11_52_57,0,0.5359176397323608
Pure Transformer,OS8_2022_05_16_12_50_49,0,0.5370957255363464
Pure Transformer,OS8_2022_05_17_09_29_42,1,0.4822365343570709
Pure Transformer,OS8_2022_05_17_10_49_01,0,0.5416300296783447
Pure Transformer,OS8_2022_05_17_10_58_45,1,0.4796715974807739
Pure Transformer,OS8_2022_05_17_12_20_00,1,0.48048046231269836
Pure Transformer,OS8_2022_05_17_12_36_20,1,0.48399844765663147
Pure Transformer,OS8_2022_05_17_12_41_18,1,0.4859883785247803
Pure Transformer,OS8_2022_05_18_11_44_45,1,0.47800812125205994
Pure Transformer,OS8_2022_05_18_12_18_49,0,0.49022847414016724
Pure Transformer,OS8_2022_05_18_13_49_32,1,0.4753654897212982
Pure Transformer,OS8_2022_05_20_09_28_59,1,0.4848628640174866
Pure Transformer,OS8_2022_05_23_11_07_15,1,0.48066461086273193
Pure Transformer,OS8_2022_05_24_09_57_00,1,0.48172301054000854
Pure Transformer,OS8_2022_05_24_10_01_12,1,0.4796571731567383
Pure Transformer,OS8_2022_05_24_10_34_44,1,0.4865345358848572
Pure Transformer,OS8_2022_05_24_10_36_28,1,0.485670804977417
Pure Transformer,OS8_2022_05_24_12_38_31,1,0.4814545810222626
Pure Transformer,OS8_2022_05_24_14_40_52,1,0.5377261638641357
Pure Transformer,OS8_2022_05_24_14_41_42,1,0.48115745186805725
Pure Transformer,OS8_2022_05_25_10_08_47,0,0.486173540353775
Pure Transformer,OS8_2022_05_25_11_09_10,1,0.5459915995597839
Pure Transformer,OS8_2022_05_26_12_49_22,1,0.5021882057189941
Pure Transformer,OS8_2022_05_31_12_28_01,1,0.5289658904075623
Pure Transformer,OS8_2022_05_31_12_33_58,1,0.46961116790771484
Pure Transformer,OS8_2022_06_01_10_51_59,0,0.48114103078842163
Pure Transformer,OS8_2022_06_01_11_09_03,0,0.5418682098388672
Pure Transformer,OS8_2022_06_01_11_53_05,0,0.482653945684433
Pure Transformer,OS8_2022_06_02_10_25_56,0,0.4639265239238739
Pure Transformer,OS8_2022_06_02_10_59_18,0,0.5381059646606445
Pure Transformer,OS8_2022_06_02_11_34_22,1,0.48725008964538574
Pure Transformer,OS8_2022_06_02_11_47_31,0,0.4838082194328308
Pure Transformer,OS8_2022_06_03_10_25_29,0,0.53885817527771
Pure Transformer,OS8_2022_06_06_11_03_37,0,0.5263846516609192
Pure Transformer,OS8_2022_06_06_13_18_10,1,0.48283353447914124
Pure Transformer,OS8_2022_06_07_11_32_36,0,0.5409168601036072
Pure Transformer,OS8_2022_06_07_12_10_26,1,0.5439736843109131
Pure Transformer,OS8_2022_06_08_11_52_40,1,0.5393097400665283
Pure Transformer,OS8_2022_06_08_13_01_28,1,0.5469850897789001
Pure Transformer,OS8_2022_06_08_13_26_44,1,0.5426276922225952
Pure Transformer,OS8_2022_06_09_12_01_16,1,0.482196182012558
Pure Transformer,OS8_2022_06_09_12_03_07,1,0.4838961660861969
Pure Transformer,OS8_2022_06_09_12_04_02,1,0.49254104495048523
Pure Transformer,OS8_2022_06_13_11_14_32,1,0.5350584983825684
Pure Transformer,OS8_2022_06_13_11_18_47,1,0.5367928147315979
Pure Transformer,OS8_2022_06_13_13_20_31,1,0.540802001953125
Pure Transformer,OS8_2022_06_13_13_24_20,1,0.5163258910179138
Pure Transformer,OS8_2022_06_14_09_43_24,1,0.49015557765960693
Pure Transformer,OS8_2022_06_14_09_44_03,1,0.4852474331855774
Pure Transformer,OS8_2022_06_14_11_41_24,1,0.5427901148796082
Pure Transformer,OS8_2022_06_14_11_42_21,1,0.46947136521339417
Pure Transformer,OS8_2022_06_15_11_39_09,1,0.5407211184501648
Pure Transformer,OS8_2022_06_16_12_31_28,0,0.5399397611618042
Pure Transformer,OS8_2022_06_17_10_04_12,0,0.48107007145881653
Pure Transformer,OS8_2022_06_17_13_01_55,0,0.5436227321624756
Pure Transformer,OS8_2022_06_17_14_03_42,1,0.5368520021438599
Pure Transformer,OS8_2022_06_20_10_56_21,1,0.49073150753974915
Pure Transformer,OS8_2022_06_21_11_39_03,1,0.5416334867477417
Pure Transformer,OS8_2022_06_21_11_40_20,1,0.48543766140937805
Pure Transformer,OS8_2022_06_22_12_36_17,1,0.5163428783416748
Pure Transformer,OS8_2022_06_22_12_39_26,1,0.4929408133029938
Pure Transformer,OS8_2022_06_24_13_39_49,1,0.5411558151245117
Pure Transformer,OS8_2022_06_27_12_57_25,0,0.5420894026756287
Pure Transformer,OS8_2022_06_28_10_37_32,1,0.4957781434059143
Pure Transformer,OS8_2022_06_28_13_15_54,1,0.5411725044250488
Pure Transformer,OS8_2022_06_30_11_50_13,1,0.4802773594856262
Pure Transformer,OS8_2022_06_30_12_14_11,0,0.467045396566391
Pure Transformer,OS8_2022_06_30_13_01_36,0,0.48085150122642517
Pure Transformer,OS8_2022_06_30_13_28_21,1,0.4778795540332794
Pure Transformer,OS8_2022_07_06_10_14_11,1,0.5387775301933289
Pure Transformer,OS8_2022_07_07_09_43_56,0,0.5183317065238953
Pure Transformer,OS8_2022_07_07_10_07_59,0,0.48066627979278564
Pure Transformer,OS8_2022_07_07_11_11_37,1,0.47988325357437134
Pure Transformer,OS8_2022_07_08_09_27_36,1,0.48191818594932556
Pure Transformer,OS8_2022_07_08_09_58_04,1,0.5385364890098572
Pure Transformer,OS8_2022_07_08_11_55_38,1,0.4820825159549713
Pure Transformer,OS8_2022_07_13_10_25_08,1,0.5504958033561707
Pure Transformer,OS8_2022_07_13_10_46_42,1,0.481860876083374
Pure Transformer,OS8_2022_07_15_12_17_23,0,0.5395750403404236
Pure Transformer,OS8_2022_07_15_12_51_35,1,0.5459281802177429
Pure Transformer,OS8_2022_07_18_10_54_50,1,0.4998854398727417
Pure Transformer,OS8_2022_07_18_11_04_12,1,0.49109944701194763
Pure Transformer,OS8_2022_07_19_13_37_32,1,0.48638707399368286
Pure Transformer,OS8_2022_07_20_10_06_49,0,0.48320335149765015
Pure Transformer,OS8_2022_07_20_10_31_07,0,0.5407305359840393
Pure Transformer,OS8_2022_07_20_13_10_03,1,0.5465584993362427
Pure Transformer,OS8_2022_07_21_09_28_49,1,0.5261316895484924
Pure Transformer,OS8_2022_07_25_12_08_17,1,0.5434095859527588
Pure Transformer,OS8_2022_07_28_10_28_45,0,0.5351152420043945
Pure Transformer,OS8_2022_07_29_12_18_55,1,0.5446373820304871
