model,outer_fold,nested_AUC,chosen_hp
Logistic Reg.,0,0.8115038115038115,1
Logistic Reg.,1,0.7884304207119741,1
Logistic Reg.,2,0.7837690631808278,1
Logistic Reg.,3,0.5698784722222222,10
Logistic Reg.,4,0.8084057971014492,1
PLS-DA+SVM,0,0.797874797874798,10
PLS-DA+SVM,1,0.7965210355987056,25
PLS-DA+SVM,2,0.7233115468409586,15
PLS-DA+SVM,3,0.7007378472222221,10
PLS-DA+SVM,4,0.7759420289855072,25
PCA-LDA,0,0.7613767613767614,20
PCA-LDA,1,0.7686084142394821,15
PCA-LDA,2,0.7145969498910676,20
PCA-LDA,3,0.6527777777777778,20
PCA-LDA,4,0.778840579710145,15
Random Forest,0,0.6835296835296836,8
Random Forest,1,0.7277508090614887,4
Random Forest,2,0.6606753812636166,None
Random Forest,3,0.7708333333333333,4
Random Forest,4,0.6982608695652174,8
