threshold,model,net_benefit
0.01,LogReg calibrated,0.7689569575195541
0.01,1D-CNN,0.7689413454483006
0.01,Treat all,0.7689413454483006
0.01,Treat none,0.0
0.02,LogReg calibrated,0.7666151468315301
0.02,1D-CNN,0.7665836040753241
0.02,Treat all,0.7665836040753241
0.02,Treat none,0.0
0.03,LogReg calibrated,0.7626794563329562
0.03,1D-CNN,0.7641772494781625
0.03,Treat all,0.7641772494781625
0.03,Treat none,0.0
0.04,LogReg calibrated,0.7602395672333848
0.04,1D-CNN,0.7601751674394642
0.04,Treat all,0.76172076249356
0.04,Treat none,0.0
0.05,LogReg calibrated,0.7562027169934109
0.05,1D-CNN,0.7578296591556171
0.05,Treat all,0.7592125599934922
0.05,Treat none,0.0
0.06,LogReg calibrated,0.7537571113814989
0.06,1D-CNN,0.7507645762767602
0.06,Treat all,0.7566509914827847
0.06,Treat none,0.0
0.07,LogReg calibrated,0.7511758155922288
0.07,1D-CNN,0.7483172957072344
0.07,Treat all,0.7540343354772232
0.07,Treat none,0.0
0.08,LogReg calibrated,0.7485384046771051
0.08,1D-CNN,0.7426248236005645
0.08,Treat all,0.7513607956454539
0.08,Treat none,0.0
0.09,LogReg calibrated,0.7458430286869236
0.09,1D-CNN,0.736875180460961
0.09,Treat all,0.7486284966965029
0.09,Treat none,0.0
0.1,LogReg calibrated,0.74154216039842
0.1,1D-CNN,0.725399278722308
0.1,Treat all,0.7458354799931306
0.1,Treat none,0.0
0.11,LogReg calibrated,0.7387249709115538
0.11,1D-CNN,0.7211329732733619
0.11,Treat all,0.7429796988694579
0.11,Treat none,0.0
0.12,LogReg calibrated,0.735843754390895
0.12,1D-CNN,0.7168048334972601
0.12,Treat all,0.7400590136293381
0.12,Treat none,0.0
0.13,LogReg calibrated,0.7328963030076924
0.13,1D-CNN,0.7126436781609196
0.13,Treat all,0.7370711861997903
0.13,Treat none,0.0
0.14,LogReg calibrated,0.7298803062434851
0.14,1D-CNN,0.7082060314151181
0.14,Treat all,0.7340138744114157
0.14,Treat none,0.0
0.15,LogReg calibrated,0.7267933448495317
0.15,1D-CNN,0.7042458405309574
0.15,Treat all,0.7308846258750795
0.15,Treat none,0.0
0.16,LogReg calibrated,0.723927283432693
0.16,1D-CNN,0.6981673658644292
0.16,Treat all,0.7276808714212114
0.16,Treat none,0.0
0.17,LogReg calibrated,0.7207128358875998
0.17,1D-CNN,0.6941956388149196
0.17,Treat all,0.7243999180648405
0.17,Treat none,0.0
0.18,LogReg calibrated,0.7174199871828703
0.18,1D-CNN,0.6883552606778
0.18,Treat all,0.7210389414558751
0.18,Treat none,0.0
0.19,LogReg calibrated,0.7144083805598488
0.19,1D-CNN,0.6828477111836205
0.19,Treat all,0.7175949777701451
0.19,Treat none,0.0
0.2,LogReg calibrated,0.7109737248840803
0.2,1D-CNN,0.6804482225656878
0.2,Treat all,0.714064914992272
0.2,Treat none,0.0
0.21,LogReg calibrated,0.7074521159000645
0.21,1D-CNN,0.6776553909964197
0.21,Treat all,0.710445483536478
0.21,Treat none,0.0
0.22,LogReg calibrated,0.7038402092497918
0.22,1D-CNN,0.671739388895494
0.22,Treat all,0.7067332461459199
0.22,Treat none,0.0
0.23,LogReg calibrated,0.7001344868423693
0.23,1D-CNN,0.6651679078263313
0.23,Treat all,0.7029245870049579
0.23,Treat none,0.0
0.24,LogReg calibrated,0.6963312454242251
0.24,1D-CNN,0.6597250467745872
0.24,Treat all,0.6990156999918653
0.24,Treat none,0.0
0.25,LogReg calibrated,0.6924265842349304
0.25,1D-CNN,0.6584234930448223
0.25,Treat all,0.6950025759917567
0.25,Treat none,0.0
0.26,LogReg calibrated,0.687413843518944
0.26,1D-CNN,0.6488992856844479
0.26,Treat all,0.6908809891808345
0.26,Treat none,0.0
0.27,LogReg calibrated,0.683894052634922
0.27,1D-CNN,0.6404268383053503
0.27,Treat all,0.6866464821833117
0.27,Treat none,0.0
0.28,LogReg calibrated,0.6803194229778464
0.28,1D-CNN,0.6372144942469518
0.28,Treat all,0.6822943499914134
0.28,Treat none,0.0
0.29,LogReg calibrated,0.6766876374164617
0.29,1D-CNN,0.6281864292400462
0.29,Treat all,0.6778196225265036
0.29,Treat none,0.0
0.3,LogReg calibrated,0.6723338485316847
0.3,1D-CNN,0.6215500110399647
0.3,Treat all,0.6732170457054537
0.3,Treat none,0.0
0.31,LogReg calibrated,0.6678538628676388
0.31,1D-CNN,0.6122572407768295
0.31,Treat all,0.6684810608606052
0.31,Treat none,0.0
0.32,LogReg calibrated,0.6616965178652605
0.32,1D-CNN,0.600054550413674
0.32,Treat all,0.6636057823438494
0.32,Treat none,0.0
0.33,LogReg calibrated,0.6577083669750168
0.33,1D-CNN,0.590901750905442
0.33,Treat all,0.6585849731251009
0.33,Treat none,0.0
0.34,LogReg calibrated,0.6513512247669898
0.34,1D-CNN,0.5847969650133483
0.34,Treat all,0.6534120181724509
0.34,Treat none,0.0
0.35,LogReg calibrated,0.6464154083937701
0.35,1D-CNN,0.5772203067411723
0.35,Treat all,0.648079895375104
0.35,Treat none,0.0
0.36,LogReg calibrated,0.6421947449768161
0.36,1D-CNN,0.5719667697063369
0.36,Treat all,0.64258114374034
0.36,Treat none,0.0
0.37,LogReg calibrated,0.6363435637005962
0.37,1D-CNN,0.5633816638453423
0.37,Treat all,0.6369078285616152
0.37,Treat none,0.0
0.38,LogReg calibrated,0.6319489455053099
0.38,1D-CNN,0.5513287131674727
0.38,Treat all,0.6310515032158348
0.38,Treat none,0.0
0.39,LogReg calibrated,0.6274609167152305
0.39,1D-CNN,0.5430359540882256
0.39,Treat all,0.6250031672029797
0.39,Treat none,0.0
0.4,LogReg calibrated,0.6249356002060793
0.4,1D-CNN,0.5342606903657908
0.4,Treat all,0.6187532199896959
0.4,Treat none,0.0
0.41,LogReg calibrated,0.623555916485474
0.41,1D-CNN,0.5291698320802661
0.41,Treat all,0.6122914101590129
0.41,Treat none,0.0
0.42,LogReg calibrated,0.6189841709747909
0.42,1D-CNN,0.5168150082609391
0.42,Treat all,0.6056067792996855
0.42,Treat none,0.0
0.43,LogReg calibrated,0.6143062447463327
0.43,1D-CNN,0.5082838471758996
0.43,Treat all,0.5986875999891537
0.43,Treat none,0.0
0.44,LogReg calibrated,0.6067564583793332
0.44,1D-CNN,0.49525281519099146
0.44,Treat all,0.5915213071318172
0.44,Treat none,0.0
0.45,LogReg calibrated,0.6012364760432767
0.45,1D-CNN,0.48981312350709566
0.45,Treat all,0.584094421806941
0.45,Treat none,0.0
0.46,LogReg calibrated,0.5962562253134123
0.46,1D-CNN,0.48153872574274437
0.46,Treat all,0.5763924666552178
0.46,Treat none,0.0
0.47,LogReg calibrated,0.5851389577440145
0.47,1D-CNN,0.4754308710740428
0.47,Treat all,0.5683998716864482
0.47,Treat none,0.0
0.48,LogReg calibrated,0.5767447390322198
0.48,1D-CNN,0.46617524670074906
0.48,Treat all,0.56009986921888
0.48,Treat none,0.0
0.49,LogReg calibrated,0.5696881534684972
0.49,1D-CNN,0.4569809376609995
0.49,Treat all,0.5514743764584659
0.49,Treat none,0.0
0.5,LogReg calibrated,0.5610510046367851
0.5,1D-CNN,0.44976816074188564
0.5,Treat all,0.5425038639876352
0.5,Treat none,0.0
