Model,Class,AUC,CI
Logistic Reg.,benign,0.802,"[0.733,0.867]"
Logistic Reg.,pre-malignant (AK),0.834,"[0.787,0.877]"
Logistic Reg.,carcinoma (BCC/SCC),0.852,"[0.814,0.890]"
PLS-DA+SVM,benign,0.726,"[0.657,0.792]"
PLS-DA+SVM,pre-malignant (AK),0.818,"[0.772,0.862]"
PLS-DA+SVM,carcinoma (BCC/SCC),0.86,"[0.823,0.895]"
PCA-LDA,benign,0.78,"[0.715,0.842]"
PCA-LDA,pre-malignant (AK),0.817,"[0.764,0.861]"
PCA-LDA,carcinoma (BCC/SCC),0.838,"[0.797,0.882]"
Random Forest,benign,0.706,"[0.632,0.774]"
Random Forest,pre-malignant (AK),0.811,"[0.762,0.857]"
Random Forest,carcinoma (BCC/SCC),0.845,"[0.807,0.885]"
1D-CNN,benign,0.661,"[0.592,0.727]"
1D-CNN,pre-malignant (AK),0.754,"[0.697,0.809]"
1D-CNN,carcinoma (BCC/SCC),0.809,"[0.766,0.850]"
Hybrid CNN-Tr.,benign,0.585,"[0.514,0.654]"
Hybrid CNN-Tr.,pre-malignant (AK),0.742,"[0.687,0.794]"
Hybrid CNN-Tr.,carcinoma (BCC/SCC),0.771,"[0.721,0.815]"
Pure Transformer,benign,0.575,"[0.500,0.649]"
Pure Transformer,pre-malignant (AK),0.761,"[0.703,0.816]"
Pure Transformer,carcinoma (BCC/SCC),0.797,"[0.753,0.842]"
