seed,1D-CNN,Hybrid CNN-Tr.,Logistic Reg.,PCA-LDA,PLS-DA+SVM,Pure Transformer,Random Forest
42,0.663,0.629,0.774,0.736,0.751,0.611,0.703
43,0.561,0.583,0.781,0.753,0.747,0.563,0.705
44,0.666,0.602,0.77,0.746,0.742,0.594,0.719
45,0.649,0.599,0.752,0.75,0.716,0.622,0.69
46,0.6,0.53,0.769,0.775,0.753,0.587,0.689
47,0.604,0.5,0.784,0.776,0.743,0.57,0.688
48,0.586,0.57,0.747,0.742,0.713,0.564,0.684
49,0.618,0.562,0.763,0.77,0.759,0.501,0.72
50,0.634,0.567,0.765,0.741,0.734,0.528,0.693
51,0.58,0.568,0.781,0.776,0.757,0.595,0.721
52,0.619,0.507,0.766,0.744,0.75,0.585,0.717
53,0.616,0.514,0.748,0.743,0.72,0.586,0.674
54,0.694,0.557,0.751,0.74,0.744,0.589,0.706
55,0.653,0.546,0.753,0.702,0.746,0.556,0.697
56,0.656,0.556,0.765,0.733,0.719,0.564,0.682
57,0.587,0.555,0.757,0.761,0.731,0.496,0.705
58,0.625,0.532,0.777,0.767,0.764,0.502,0.731
59,0.625,0.563,0.773,0.759,0.735,0.511,0.707
60,0.586,0.584,0.768,0.759,0.748,0.603,0.701
61,0.568,0.559,0.764,0.776,0.753,0.553,0.714
